group,rank,target,target_name,abs_delta_sum,mass_share,active_source_count,top_source,top_source_mass
fold1_all,1,524,524,2686.5558362603188,0.14418313100945235,86,27,338.97025871276855
fold1_all,2,215,215,2274.959833443165,0.1220934354981314,73,603,134.86032843589783
fold1_all,3,53,53,1737.4643677473068,0.09324691829516522,64,231,231.03788137435913
fold1_all,4,726,726,1597.6733366847038,0.08574455848056255,52,641,206.57830429077148
fold1_all,5,548,548,998.3924881219864,0.053582119147065815,52,844,125.83405423164368
fold1_all,6,142,142,963.21871560812,0.051694399345372455,39,671,113.6339139342308
fold1_all,7,722,722,956.7592469453812,0.05134773005085016,37,330,123.78982281684875
fold1_all,8,748,748,662.1253244876862,0.03553520128514229,26,420,92.27391993999481
fold1_all,9,642,642,577.8902844786644,0.03101444216103138,32,193,127.08208829164505
fold1_all,10,656,656,408.63377690315247,0.021930717610592617,13,383,84.64327651262283
fold1_all,11,571,571,370.0587621331215,0.01986045860714639,21,699,74.49325400590897
fold1_all,12,683,683,300.2805110812187,0.01611557209586076,8,84,100.06809061765671
fold1_all,13,512,512,296.58650493621826,0.01591732072703914,14,142,86.062264919281
fold1_all,14,321,321,271.8250148296356,0.014588411376323258,7,19,71.54936438798904
fold1_all,15,390,390,246.5799691081047,0.013233550373443878,8,511,54.77662551403046
fold1_all,16,298,298,240.15673810243607,0.012888825895696392,16,703,47.09546226263046
fold1_all,17,102,102,212.3854505419731,0.011398385556215052,3,321,87.10127103328705
fold1_all,18,359,359,203.75558733940125,0.010935234677332852,1,162,203.75558733940125
fold1_all,19,295,295,202.69560712575912,0.010878347244007167,17,481,45.67055428028107
fold1_all,20,807,807,198.139080286026,0.010633805776670373,4,705,149.638916015625
fold1_all,21,855,855,168.35668969154358,0.009035432771761475,7,745,91.40732592344284
fold1_all,22,119,119,149.63658595085144,0.008030754911087666,11,713,46.01049017906189
fold1_all,23,520,520,143.20105493068695,0.007685370311344004,9,107,51.4978683590889
fold1_all,24,725,725,126.46706646680832,0.006787284063355712,5,265,64.71038234233856
fold1_all,25,788,788,122.54743498563766,0.006576923745609597,12,99,51.290892601013184
fold1_all,26,555,555,104.08027213811874,0.005585820815873686,2,276,58.42145800590515
fold1_all,27,233,233,96.80782848596573,0.005195520461157501,8,650,35.217310428619385
fold1_all,28,134,134,84.09026712179184,0.004512989396088003,3,796,52.99248802661896
fold1_all,29,466,466,82.42796260118484,0.004423776185911097,2,674,69.33359169960022
fold1_all,30,784,784,78.60905468463898,0.0042188215398871265,2,199,75.02696627378464
fold1_all,31,817,817,73.73333144187927,0.003957149314955734,7,838,49.39570504426956
fold1_all,32,206,206,69.06626433134079,0.0037066753290640546,3,445,44.10561692714691
fold1_all,33,224,224,68.96806758642197,0.0037014052676917065,4,703,52.07931888103485
fold1_all,34,271,271,68.5584065914154,0.003679419420937554,1,852,68.5584065914154
fold1_all,35,613,613,67.67528539896011,0.0036320237268408885,5,675,25.787929952144623
fold1_all,36,34,34,65.06140160560608,0.0034917407874975313,2,721,64.43701088428497
fold1_all,37,843,843,64.56703615188599,0.0034652089886723515,7,470,24.3961244225502
fold1_all,38,795,795,63.664977967739105,0.003416796976687503,5,107,39.87173014879227
fold1_all,39,144,144,62.52881175279617,0.0033558207632001028,2,201,52.968913078308105
fold1_all,40,711,711,61.62126034498215,0.0033071139387356573,3,693,40.489763617515564
fold1_all,41,833,833,58.79829156398773,0.0031556097443719592,4,751,31.463412940502167
fold1_all,42,796,796,58.08911019563675,0.0031175491208917687,2,470,44.561856627464294
fold1_all,43,404,404,55.39883476495743,0.002973166365231982,2,583,49.18055731058121
fold1_all,44,526,526,53.97949892282486,0.0028969928932681623,3,746,27.97374391555786
fold1_all,45,686,686,51.80081647634506,0.0027800665102877668,1,622,51.80081647634506
fold1_all,46,480,480,51.699214220047,0.0027746136805966957,2,703,40.65371787548065
fold1_all,47,56,56,51.41403877735138,0.002759308773227975,3,638,35.70048677921295
fold1_all,48,269,269,50.913404166698456,0.0027324405188327433,1,397,50.913404166698456
fold1_all,49,640,640,49.55199360847473,0.002659375803696481,1,629,49.55199360847473
fold1_all,50,742,742,48.11135172843933,0.0025820588709444007,4,391,16.18261706829071
fold1_all,51,170,170,46.14960420131683,0.0024767750361947387,3,483,31.16468036174774
fold1_all,52,699,699,44.24042159318924,0.0023743122761086476,3,115,30.650277972221375
fold1_all,53,472,472,43.9182146191597,0.0023570199460101493,1,420,43.9182146191597
fold1_all,54,420,420,42.43593889474869,0.002277468591789133,2,583,38.19756668806076
fold1_all,55,351,351,41.0309864282608,0.002202067052463729,3,232,17.159132182598114
fold1_all,56,497,497,38.66345626115799,0.002075005516036708,1,93,38.66345626115799
fold1_all,57,38,38,38.40559506416321,0.0020611665203059118,1,552,38.40559506416321
fold1_all,58,737,737,38.20540630817413,0.0020504227117307022,3,66,18.277913331985474
fold1_all,59,598,598,36.087465047836304,0.0019367562105219688,1,602,36.087465047836304
fold1_all,60,164,164,36.04923516511917,0.0019347044742007342,1,17,36.04923516511917
fold1_all,61,201,201,31.88224858045578,0.0017110690058653813,1,583,31.88224858045578
fold1_all,62,330,330,29.910562932491302,0.0016052518081533687,2,713,27.565791308879852
fold1_all,63,193,193,28.980943739414215,0.001555360641144939,1,699,28.980943739414215
fold1_all,64,69,69,28.229068160057068,0.0015150086880241125,1,839,28.229068160057068
fold1_all,65,605,605,28.1780224442482,0.0015122691465522381,1,740,28.1780224442482
fold1_all,66,747,747,26.334177911281586,0.001413312975878394,3,413,11.00734692811966
fold1_all,67,657,657,24.27697902917862,0.001302906420419031,1,835,24.27697902917862
fold1_all,68,804,804,20.18136614561081,0.0010831014638328842,1,415,20.18136614561081
fold1_all,69,696,696,18.49150902032852,0.0009924095496752423,3,106,8.485612034797668
fold1_all,70,199,199,18.46332085132599,0.0009908967359792253,1,405,18.46332085132599
fold1_all,71,835,835,17.305428206920624,0.0009287544999646663,2,206,14.686803817749023
fold1_all,72,218,218,16.042953670024872,0.0008609995219766711,1,650,16.042953670024872
fold1_all,73,310,310,15.911246538162231,0.0008539310120309913,1,173,15.911246538162231
fold1_all,74,476,476,15.168150186538696,0.0008140502259432085,1,507,15.168150186538696
fold1_all,75,168,168,14.339403331279755,0.0007695727150749425,3,100,10.143159568309784
fold1_all,76,367,367,14.314254701137543,0.0007682230285411423,1,396,14.314254701137543
fold1_all,77,112,112,13.706873118877411,0.000735625835858319,2,579,13.08639508485794
fold1_all,78,834,834,11.933668315410614,0.0006404607858585653,1,713,11.933668315410614
fold1_all,79,650,650,10.215024590492249,0.0005482239411952457,1,826,10.215024590492249
fold1_all,80,10,10,9.88618814945221,0.0005305758182643051,3,327,7.811191439628601
fold1_all,81,353,353,9.857885777950287,0.000529056875503815,1,15,9.857885777950287
fold1_all,82,140,140,8.343206644058228,0.0004477664824095689,2,83,4.293409883975983
fold1_all,83,756,756,5.87900322675705,0.00031551664812164723,1,120,5.87900322675705
fold1_all,84,50,50,5.2799190282821655,0.00028336476268209693,1,283,5.2799190282821655
fold1_all,85,120,120,4.394645571708679,0.0002358535600316423,1,478,4.394645571708679
fold1_all,86,697,697,4.278486371040344,0.0002296194825477999,1,835,4.278486371040344
fold1_all,87,602,602,4.09026825428009,0.00021951811892791253,2,567,2.329903483390808
fold1_all,88,45,45,3.7660637497901917,0.00020211858458218669,1,838,3.7660637497901917
fold1_all,89,106,106,3.569554924964905,0.00019157227199419384,2,601,2.9677354097366333
fold1_all,90,856,856,3.500407576560974,0.00018786124501335942,1,835,3.500407576560974
fold1_all,91,354,354,3.236987352371216,0.00017372390523345732,1,833,3.236987352371216
fold1_all,92,435,435,3.1340155601501465,0.00016819757475199028,1,795,3.1340155601501465
fold1_all,93,305,305,2.9118624329566956,0.00015627497369900803,1,703,2.9118624329566956
fold1_all,94,244,244,1.8581477403640747,9.97238008113639e-05,1,329,1.8581477403640747
fold1_all,95,707,707,1.3466031551361084,7.227002562693736e-05,2,497,0.740221381187439
fold1_all,96,415,415,1.214286983013153,6.516882946999112e-05,1,578,1.214286983013153
fold1_all,97,287,287,1.1862254738807678,6.366281340550102e-05,1,516,1.1862254738807678
fold1_all,98,702,702,1.1708505749702454,6.283766730805057e-05,1,566,1.1708505749702454
fold1_all,99,21,21,0.7330421209335327,3.9341191696625914e-05,1,737,0.7330421209335327
fold1_all,100,114,114,0.6555757522583008,3.5183696277109453e-05,1,295,0.6555757522583008
fold4_all,1,840,840,36387.7522084713,0.6357019724221271,360,858,753.5933213829994
fold4_all,2,722,722,5145.4837483763695,0.0898927240454097,100,789,257.789608001709
fold4_all,3,524,524,3624.9350751638412,0.06332840687662294,82,353,205.51926177740097
fold4_all,4,724,724,2578.2756170630455,0.04504303771842444,93,140,192.18516546487808
fold4_all,5,700,700,1052.2442697286606,0.018382937036178423,43,351,118.34917587041855
fold4_all,6,726,726,1049.66817766428,0.018337932145601903,49,82,91.48469734191895
fold4_all,7,53,53,878.7965348362923,0.015352767254007617,48,285,94.27643483877182
fold4_all,8,843,843,649.1882461905479,0.0113414603411671,14,354,139.5824317932129
fold4_all,9,495,495,612.7683461308479,0.010705196738767991,26,304,118.36834985017776
fold4_all,10,748,748,534.487719476223,0.009337617106981886,23,502,92.24123400449753
fold4_all,11,287,287,364.91743499040604,0.006375187229636524,5,294,182.23551857471466
fold4_all,12,37,37,363.531525850296,0.006350975094495055,10,753,64.27742487192154
fold4_all,13,530,530,353.09998112916946,0.006168733731614554,15,290,102.55243456363678
fold4_all,14,396,396,302.91346114873886,0.005291964274743985,7,76,85.47066342830658
fold4_all,15,233,233,230.78127896785736,0.004031799309763726,14,636,75.36096858978271
fold4_all,16,50,50,212.03386914730072,0.0037042779687241636,6,443,98.77670747041702
fold4_all,17,370,370,205.59704929590225,0.003591825321135031,11,170,83.08504509925842
fold4_all,18,860,860,164.83759701251984,0.0028797487943151203,3,327,71.87497538328171
fold4_all,19,807,807,162.0627224445343,0.0028312711300179086,12,226,88.15568470954895
fold4_all,20,591,591,157.16198843717575,0.002745654237362782,3,253,97.89784890413284
fold4_all,21,762,762,136.62390172481537,0.0023868493802222898,8,167,54.08553582429886
fold4_all,22,449,449,102.43338596820831,0.0017895336081437696,6,443,64.6334918141365
fold4_all,23,104,104,90.59032201766968,0.0015826326962724922,1,208,90.59032201766968
fold4_all,24,204,204,87.48900163173676,0.0015284519522915125,4,104,49.14831954240799
fold4_all,25,512,512,86.36701494455338,0.0015088506000016672,6,427,29.505447804927826
fold4_all,26,196,196,84.70603269338608,0.001479832877577489,2,199,84.00469321012497
fold4_all,27,680,680,84.26400858163834,0.0014721106198769772,5,492,67.87162882089615
fold4_all,28,848,848,75.26869630813599,0.0013149605513028831,3,799,46.8726949095726
fold4_all,29,711,711,66.31603956222534,0.0011585556841050488,4,296,43.89442890882492
fold4_all,30,286,286,65.22372621297836,0.0011394727315049244,8,640,24.969777643680573
fold4_all,31,799,799,64.45245409011841,0.001125998439194499,2,327,39.97421771287918
fold4_all,32,464,464,63.80111801624298,0.0011146194558349306,4,683,54.49028146266937
fold4_all,33,597,597,62.57738131284714,0.0010932405085557143,2,606,60.123479306697845
fold4_all,34,270,270,58.859461426734924,0.0010282876367386212,1,680,58.859461426734924
fold4_all,35,796,796,58.267538368701935,0.0010179466117322426,1,27,58.267538368701935
fold4_all,36,170,170,53.60372132062912,0.0009364687100610972,3,537,51.69566249847412
fold4_all,37,376,376,52.59270417690277,0.0009188060199136745,1,327,52.59270417690277
fold4_all,38,544,544,52.113795936107635,0.0009104393884290344,1,161,52.113795936107635
fold4_all,39,554,554,51.06019467115402,0.0008920327443901225,1,649,51.06019467115402
fold4_all,40,787,787,49.81112480163574,0.0008702112211699836,2,16,49.17505395412445
fold4_all,41,467,467,43.45909321308136,0.0007592398430371071,2,522,34.53218114376068
fold4_all,42,742,742,39.71927708387375,0.0006939044390744549,2,713,34.57900828123093
fold4_all,43,198,198,37.666079103946686,0.0006580346222708521,1,713,37.666079103946686
fold4_all,44,360,360,34.93140661716461,0.0006102592971060519,1,377,34.93140661716461
fold4_all,45,824,824,34.69034516811371,0.0006060479009813714,1,649,34.69034516811371
fold4_all,46,476,476,32.89494413137436,0.0005746818530374089,1,87,32.89494413137436
fold4_all,47,245,245,32.88233828544617,0.0005744616261579168,1,61,32.88233828544617
fold4_all,48,567,567,32.8655526638031,0.0005741683776844829,2,232,29.108533680438995
fold4_all,49,743,743,32.85718536376953,0.0005740221991267991,1,524,32.85718536376953
fold4_all,50,183,183,31.465675055980682,0.0005497122103635703,1,784,31.465675055980682
fold4_all,51,244,244,27.471509158611298,0.0004799332604412996,2,48,20.54668802022934
fold4_all,52,850,850,24.537814259529114,0.00042868097029854374,9,653,5.959013640880585
fold4_all,53,88,88,24.226254880428314,0.00042323795995027376,2,653,18.47415339946747
fold4_all,54,295,295,22.86360937356949,0.00039943224555880774,4,747,13.693651139736176
fold4_all,55,579,579,21.821049869060516,0.000381218503484641,2,269,18.117795646190643
fold4_all,56,171,171,18.115573346614838,0.00031648301994646825,2,640,9.676110446453094
fold4_all,57,817,817,17.96966588497162,0.00031393398474840767,2,351,11.85693883895874
fold4_all,58,835,835,17.683470368385315,0.00030893408661372907,2,232,13.815970122814178
fold4_all,59,598,598,17.337910294532776,0.0003028970767077626,1,439,17.337910294532776
fold4_all,60,115,115,16.81090086698532,0.00029369010699285456,1,529,16.81090086698532
fold4_all,61,683,683,15.968121707439423,0.0002789665711456784,1,53,15.968121707439423
fold4_all,62,56,56,14.526394665241241,0.00025377928507291204,1,68,14.526394665241241
fold4_all,63,206,206,14.168558895587921,0.00024752781608223205,2,472,10.607799470424652
fold4_all,64,642,642,14.127417802810669,0.00024680907221269417,1,516,14.127417802810669
fold4_all,65,352,352,13.64411735534668,0.0002383657079189847,1,713,13.64411735534668
fold4_all,66,520,520,12.968679070472717,0.0002265656536731543,3,777,11.652427554130554
fold4_all,67,27,27,12.867852449417114,0.00022480419059869752,1,383,12.867852449417114
fold4_all,68,702,702,12.409830570220947,0.0002168024484094752,1,566,12.409830570220947
fold4_all,69,671,671,12.27895337343216,0.00021451599521865838,1,208,12.27895337343216
fold4_all,70,820,820,10.225312054157257,0.00017863843317989344,1,649,10.225312054157257
fold4_all,71,136,136,9.954009056091309,0.00017389871059394024,2,172,8.548565030097961
fold4_all,72,69,69,9.879085004329681,0.0001725897710580808,1,839,9.879085004329681
fold4_all,73,855,855,9.809836447238922,0.00017137998365275345,2,835,8.485543072223663
fold4_all,74,23,23,9.118552684783936,0.00015930310545543195,2,334,4.89169716835022
fold4_all,75,696,696,7.444223403930664,0.0001300522075097558,1,357,7.444223403930664
fold4_all,76,745,745,4.686927676200867,8.188164938825497e-05,2,606,4.061089992523193
fold4_all,77,359,359,3.5945510268211365,6.27975909209968e-05,1,162,3.5945510268211365
fold4_all,78,377,377,3.14414244890213,5.492885476662948e-05,1,360,3.14414244890213
fold4_all,79,215,215,2.579236090183258,4.505981739345024e-05,1,733,2.579236090183258
fold4_all,80,324,324,2.556788921356201,4.466766045512388e-05,1,330,2.556788921356201
fold4_all,81,258,258,1.876126229763031,3.277633468372332e-05,1,295,1.876126229763031
fold4_all,82,545,545,0.7064087390899658,1.2341114840041528e-05,1,273,0.7064087390899658
fold4_all,83,788,788,0.6501712799072266,1.1358634154736836e-05,1,747,0.6501712799072266
fold4_all,84,746,746,0.6236147880554199,1.089468644634073e-05,1,743,0.6236147880554199
fold4_all,85,694,694,0.6209834814071655,1.0848716944933787e-05,1,354,0.6209834814071655
fold4_all,86,298,298,0.6114514470100403,1.0682190223724627e-05,1,224,0.6114514470100403
fold4_all,87,852,852,0.0,0.0,0,0,0.0
fold4_all,88,851,851,0.0,0.0,0,0,0.0
fold4_all,89,849,849,0.0,0.0,0,0,0.0
fold4_all,90,847,847,0.0,0.0,0,0,0.0
fold4_all,91,846,846,0.0,0.0,0,0,0.0
fold4_all,92,29,29,0.0,0.0,0,0,0.0
fold4_all,93,28,28,0.0,0.0,0,0,0.0
fold4_all,94,26,26,0.0,0.0,0,0,0.0
fold4_all,95,832,832,0.0,0.0,0,0,0.0
fold4_all,96,760,760,0.0,0.0,0,0,0.0
fold4_all,97,31,31,0.0,0.0,0,0,0.0
fold4_all,98,32,32,0.0,0.0,0,0,0.0
fold4_all,99,858,858,0.0,0.0,0,0,0.0
fold4_all,100,1,1,0.0,0.0,0,0,0.0
fold4_active,1,840,840,12517.09277844429,0.5388453981167075,312,858,278.32411044836044
fold4_active,2,722,722,3371.115047991276,0.14512234288622497,97,789,146.41211342811584
fold4_active,3,524,524,1620.3815210461617,0.06975542494281921,69,579,86.23890322446823
fold4_active,4,724,724,1052.604445695877,0.04531332248149283,70,140,76.90909111499786
fold4_active,5,726,726,780.8928923010826,0.03361647539779453,43,82,70.38198268413544
fold4_active,6,700,700,626.8560801148415,0.02698538071340731,33,574,64.72619891166687
fold4_active,7,53,53,593.0567582845688,0.025530361616714826,43,504,76.240917801857
fold4_active,8,748,748,363.5203016400337,0.015649100404373215,21,502,88.75183659791946
fold4_active,9,287,287,260.20135474205017,0.011201347235193436,4,294,127.61120998859406
fold4_active,10,530,530,251.5754737854004,0.0108300137042798,11,502,82.16632753610611
fold4_active,11,396,396,224.22942984104156,0.009652800257281095,6,76,60.33052682876587
fold4_active,12,843,843,186.89496314525604,0.008045597536469606,7,354,56.55943924188614
fold4_active,13,37,37,157.58971118927002,0.0067840426022178265,8,753,30.00112295150757
fold4_active,14,233,233,123.96723818778992,0.005336636629374783,12,636,52.95777463912964
fold4_active,15,860,860,105.85436350107193,0.004556899725258327,3,327,54.06823992729187
fold4_active,16,370,370,94.98335099220276,0.004088916051496554,8,170,35.20506250858307
fold4_active,17,196,196,60.90182077884674,0.002621748232155288,2,199,60.20048129558563
fold4_active,18,680,680,59.23357576131821,0.0025499323427520862,3,492,48.770811676979065
fold4_active,19,50,50,55.93097120523453,0.002407759292001068,4,443,37.391794979572296
fold4_active,20,848,848,52.13723438978195,0.0022444436035376145,2,799,30.82600039243698
fold4_active,21,597,597,44.2164289355278,0.001903462702944415,2,606,41.76252692937851
fold4_active,22,376,376,40.31264024972916,0.0017354094172657166,1,327,40.31264024972916
fold4_active,23,270,270,40.248666524887085,0.0017326554273543453,1,680,40.248666524887085
fold4_active,24,449,449,36.73493218421936,0.0015813934999094992,2,443,25.08424437046051
fold4_active,25,464,464,36.45769888162613,0.0015694589483366038,3,683,27.919551253318787
fold4_active,26,799,799,35.253345251083374,0.001517613010704769,2,327,21.827090799808502
fold4_active,27,544,544,34.64303171634674,0.001491339766156521,1,161,34.64303171634674
fold4_active,28,554,554,33.56899547576904,0.0014451038313520344,1,649,33.56899547576904
fold4_active,29,762,762,33.032063245773315,0.001421989561420922,3,167,18.551229059696198
fold4_active,30,711,711,32.22612929344177,0.0013872950992892897,3,296,27.633258521556854
fold4_active,31,824,824,30.956123769283295,0.001332622928651225,1,649,30.956123769283295
fold4_active,32,796,796,30.719982981681824,0.0013224573591408804,1,27,30.719982981681824
fold4_active,33,787,787,24.355055391788483,0.0010484550806672075,1,16,24.355055391788483
fold4_active,34,170,170,23.237271785736084,0.0010003358757629444,1,537,23.237271785736084
fold4_active,35,198,198,20.920424222946167,0.0009005984471567454,1,713,20.920424222946167
fold4_active,36,743,743,20.3573077917099,0.0008763569796733288,1,524,20.3573077917099
fold4_active,37,115,115,16.81090086698532,0.0007236885378025502,1,529,16.81090086698532
fold4_active,38,245,245,16.722650349140167,0.0007198894619097703,1,61,16.722650349140167
fold4_active,39,295,295,13.693651139736176,0.0005894947837064389,1,747,13.693651139736176
fold4_active,40,817,817,13.212926924228668,0.0005688001994387908,2,351,7.10019987821579
fold4_active,41,567,567,12.170725405216217,0.0005239347101138887,1,232,12.170725405216217
fold4_active,42,476,476,11.068932354450226,0.0004765038788824843,1,87,11.068932354450226
fold4_active,43,512,512,10.26444947719574,0.00044187188374230404,1,418,10.26444947719574
fold4_active,44,820,820,10.225312054157257,0.0004401870659757736,1,649,10.225312054157257
fold4_active,45,360,360,9.48214054107666,0.00040819444940553185,1,377,9.48214054107666
fold4_active,46,23,23,9.118552684783936,0.0003925424408567222,2,334,4.89169716835022
fold4_active,47,495,495,7.33151787519455,0.0003156127974909815,5,304,2.4261744022369385
fold4_active,48,352,352,4.699273467063904,0.00020229792389012287,1,713,4.699273467063904
fold4_active,49,855,855,4.539836227893829,0.0001954343474881666,2,835,3.2155428528785706
fold4_active,50,683,683,4.212199807167053,0.00018133000387667866,1,53,4.212199807167053
fold4_active,51,745,745,4.061089992523193,0.0001748249128245987,1,606,4.061089992523193
fold4_active,52,206,206,2.876887321472168,0.00012384644913275523,1,445,2.876887321472168
fold4_active,53,136,136,0.7498105764389038,3.227842005526422e-05,1,579,0.7498105764389038
fold4_active,54,579,579,0.6819559335708618,2.9357361411897558e-05,1,27,0.6819559335708618
fold4_active,55,742,742,0.6663627028465271,2.8686092071140614e-05,1,713,0.6663627028465271
fold4_active,56,694,694,0.6209834814071655,2.6732572585783076e-05,1,354,0.6209834814071655
fold4_active,57,836,836,0.0,0.0,0,0,0.0
fold4_active,58,835,835,0.0,0.0,0,0,0.0
fold4_active,59,834,834,0.0,0.0,0,0,0.0
fold4_active,60,833,833,0.0,0.0,0,0,0.0
fold4_active,61,16,16,0.0,0.0,0,0,0.0
fold4_active,62,831,831,0.0,0.0,0,0,0.0
fold4_active,63,830,830,0.0,0.0,0,0,0.0
fold4_active,64,829,829,0.0,0.0,0,0,0.0
fold4_active,65,828,828,0.0,0.0,0,0,0.0
fold4_active,66,827,827,0.0,0.0,0,0,0.0
fold4_active,67,826,826,0.0,0.0,0,0,0.0
fold4_active,68,825,825,0.0,0.0,0,0,0.0
fold4_active,69,823,823,0.0,0.0,0,0,0.0
fold4_active,70,822,822,0.0,0.0,0,0,0.0
fold4_active,71,821,821,0.0,0.0,0,0,0.0
fold4_active,72,819,819,0.0,0.0,0,0,0.0
fold4_active,73,818,818,0.0,0.0,0,0,0.0
fold4_active,74,816,816,0.0,0.0,0,0,0.0
fold4_active,75,815,815,0.0,0.0,0,0,0.0
fold4_active,76,814,814,0.0,0.0,0,0,0.0
fold4_active,77,813,813,0.0,0.0,0,0,0.0
fold4_active,78,812,812,0.0,0.0,0,0,0.0
fold4_active,79,811,811,0.0,0.0,0,0,0.0
fold4_active,80,810,810,0.0,0.0,0,0,0.0
fold4_active,81,809,809,0.0,0.0,0,0,0.0
fold4_active,82,808,808,0.0,0.0,0,0,0.0
fold4_active,83,807,807,0.0,0.0,0,0,0.0
fold4_active,84,806,806,0.0,0.0,0,0,0.0
fold4_active,85,805,805,0.0,0.0,0,0,0.0
fold4_active,86,804,804,0.0,0.0,0,0,0.0
fold4_active,87,803,803,0.0,0.0,0,0,0.0
fold4_active,88,802,802,0.0,0.0,0,0,0.0
fold4_active,89,801,801,0.0,0.0,0,0,0.0
fold4_active,90,800,800,0.0,0.0,0,0,0.0
fold4_active,91,798,798,0.0,0.0,0,0,0.0
fold4_active,92,797,797,0.0,0.0,0,0,0.0
fold4_active,93,795,795,0.0,0.0,0,0,0.0
fold4_active,94,794,794,0.0,0.0,0,0,0.0
fold4_active,95,793,793,0.0,0.0,0,0,0.0
fold4_active,96,792,792,0.0,0.0,0,0,0.0
fold4_active,97,791,791,0.0,0.0,0,0,0.0
fold4_active,98,790,790,0.0,0.0,0,0,0.0
fold4_active,99,789,789,0.0,0.0,0,0,0.0
fold4_active,100,788,788,0.0,0.0,0,0,0.0
fold4_inactive,1,840,840,23870.659430027008,0.7018552781845597,346,858,475.269210934639
fold4_inactive,2,524,524,2004.5535541176796,0.05893873591909899,70,353,128.97902435064316
fold4_inactive,3,722,722,1774.3687003850937,0.05217074297680374,81,31,113.42780834436417
fold4_inactive,4,724,724,1525.6711713671684,0.044858432484320164,76,140,115.27607434988022
fold4_inactive,5,495,495,605.4368282556534,0.017801311051509075,25,304,115.94217544794083
fold4_inactive,6,843,843,462.2932830452919,0.013592543671686896,14,27,97.6679818034172
fold4_inactive,7,700,700,425.3881896138191,0.012507444422849588,25,710,68.90639102458954
fold4_inactive,8,53,53,285.7397765517235,0.008401442404554338,20,285,86.02240890264511
fold4_inactive,9,726,726,268.7752853631973,0.007902645221456617,34,606,26.974157691001892
fold4_inactive,10,37,37,205.941814661026,0.006055188799557344,10,753,34.27630192041397
fold4_inactive,11,748,748,170.96741783618927,0.005026856713265869,15,285,61.93945395946503
fold4_inactive,12,807,807,162.0627224445343,0.004765037073151649,12,226,88.15568470954895
fold4_inactive,13,591,591,157.16198843717575,0.0046209436081124525,3,253,97.89784890413284
fold4_inactive,14,50,50,156.1028979420662,0.004589803779058015,6,443,61.38491249084473
fold4_inactive,15,370,370,110.6136983036995,0.0032523109896289166,10,170,47.879982590675354
fold4_inactive,16,233,233,106.81404078006744,0.003140591843533596,8,406,29.520093500614166
fold4_inactive,17,287,287,104.71608024835587,0.0030789067159433447,5,294,54.624308586120605
fold4_inactive,18,762,762,103.59183847904205,0.003045851281422927,8,167,35.53430676460266
fold4_inactive,19,530,530,101.52450734376907,0.0029850667323701495,10,290,33.881991028785706
fold4_inactive,20,104,104,90.59032201766968,0.002663575166279705,1,208,90.59032201766968
fold4_inactive,21,204,204,87.48900163173676,0.002572388825634656,4,104,49.14831954240799
fold4_inactive,22,396,396,78.6840313076973,0.0023135013443608085,7,76,25.14013659954071
fold4_inactive,23,512,512,76.10256546735764,0.0022375999881034925,6,427,29.505447804927826
fold4_inactive,24,449,449,65.69845378398895,0.0019316938726398995,6,443,39.549247443675995
fold4_inactive,25,286,286,65.22372621297836,0.0019177357307464922,8,640,24.969777643680573
fold4_inactive,26,860,860,58.98323351144791,0.0017342501109260423,2,157,41.17649805545807
fold4_inactive,27,467,467,43.45909321308136,0.0012778027371270412,2,522,34.53218114376068
fold4_inactive,28,742,742,39.05291438102722,0.0011482503936332453,2,713,33.9126455783844
fold4_inactive,29,711,711,34.08991026878357,0.0010023260364934417,3,296,16.261170387268066
fold4_inactive,30,183,183,31.465675055980682,0.0009251671569617503,1,784,31.465675055980682
fold4_inactive,31,170,170,30.366449534893036,0.000892847260808397,3,537,28.458390712738037
fold4_inactive,32,799,799,29.199108839035034,0.0008585246133243912,2,327,18.14712691307068
fold4_inactive,33,796,796,27.54755538702011,0.0008099649365002771,1,27,27.54755538702011
fold4_inactive,34,244,244,27.471509158611298,0.0008077289929583231,2,48,20.54668802022934
fold4_inactive,35,464,464,27.343419134616852,0.000803962835609934,2,683,26.570730209350586
fold4_inactive,36,787,787,25.45606940984726,0.0007484701765155046,2,16,24.819998562335968
fold4_inactive,37,360,360,25.44926607608795,0.0007482701420035876,1,377,25.44926607608795
fold4_inactive,38,680,680,25.03043282032013,0.000735955428532786,4,492,19.100817143917084
fold4_inactive,39,850,850,24.537814259529114,0.0007214712481507418,9,653,5.959013640880585
fold4_inactive,40,88,88,24.226254880428314,0.0007123106468137409,2,653,18.47415339946747
fold4_inactive,41,196,196,23.804211914539337,0.0006999015600812128,1,199,23.804211914539337
fold4_inactive,42,848,848,23.131461918354034,0.000680121078645189,2,799,16.04669451713562
fold4_inactive,43,476,476,21.826011776924133,0.0006417376785193919,1,87,21.826011776924133
fold4_inactive,44,579,579,21.139093935489655,0.0006215406280732917,2,269,18.117795646190643
fold4_inactive,45,567,567,20.694827258586884,0.0006084781103401831,2,232,16.93780827522278
fold4_inactive,46,270,270,18.61079490184784,0.0005472025048726282,1,680,18.61079490184784
fold4_inactive,47,597,597,18.360952377319336,0.0005398565287352992,1,606,18.360952377319336
fold4_inactive,48,171,171,18.115573346614838,0.0005326417901412272,2,640,9.676110446453094
fold4_inactive,49,835,835,17.683470368385315,0.0005199369146484216,2,232,13.815970122814178
fold4_inactive,50,554,554,17.49119919538498,0.0005142836758676248,1,649,17.49119919538498
fold4_inactive,51,544,544,17.470764219760895,0.0005136828380255292,1,161,17.470764219760895
fold4_inactive,52,598,598,17.337910294532776,0.0005097766104274931,1,439,17.337910294532776
fold4_inactive,53,198,198,16.74565488100052,0.0004923628649363186,1,713,16.74565488100052
fold4_inactive,54,245,245,16.159687936306,0.00047513401567972054,1,61,16.159687936306
fold4_inactive,55,56,56,14.526394665241241,0.00042711123245999324,1,68,14.526394665241241
fold4_inactive,56,642,642,14.127417802810669,0.000415380345108881,1,516,14.127417802810669
fold4_inactive,57,520,520,12.968679070472717,0.0003813106162137812,3,777,11.652427554130554
fold4_inactive,58,27,27,12.867852449417114,0.00037834606903079166,1,383,12.867852449417114
fold4_inactive,59,743,743,12.499877572059631,0.00036752671522660675,1,524,12.499877572059631
fold4_inactive,60,702,702,12.409830570220947,0.0003648791149912452,1,566,12.409830570220947
fold4_inactive,61,376,376,12.280063927173615,0.00036106366097657746,1,327,12.280063927173615
fold4_inactive,62,671,671,12.27895337343216,0.0003610310080032722,1,208,12.27895337343216
fold4_inactive,63,683,683,11.75592190027237,0.0003456526142404222,1,53,11.75592190027237
fold4_inactive,64,206,206,11.291671574115753,0.00033200252875505626,2,472,10.607799470424652
fold4_inactive,65,69,69,9.879085004329681,0.00029046905780913634,1,839,9.879085004329681
fold4_inactive,66,136,136,9.204198479652405,0.0002706257572539558,2,172,8.548565030097961
fold4_inactive,67,295,295,9.169958233833313,0.00026961901098769065,3,492,6.460940182209015
fold4_inactive,68,352,352,8.944843888282776,0.00026300010328290555,1,713,8.944843888282776
fold4_inactive,69,696,696,7.444223403930664,0.00021887822174956374,1,357,7.444223403930664
fold4_inactive,70,855,855,5.270000219345093,0.00015495078721321088,1,835,5.270000219345093
fold4_inactive,71,817,817,4.75673896074295,0.00013985966145300578,1,351,4.75673896074295
fold4_inactive,72,824,824,3.734221398830414,0.00010979516533096004,1,649,3.734221398830414
fold4_inactive,73,359,359,3.5945510268211365,0.00010568851766636298,1,162,3.5945510268211365
fold4_inactive,74,377,377,3.14414244890213,9.244541314808539e-05,1,360,3.14414244890213
fold4_inactive,75,215,215,2.579236090183258,7.583579619514426e-05,1,733,2.579236090183258
fold4_inactive,76,324,324,2.556788921356201,7.517579499292561e-05,1,330,2.556788921356201
fold4_inactive,77,258,258,1.876126229763031,5.51626611221017e-05,1,295,1.876126229763031
fold4_inactive,78,545,545,0.7064087390899658,2.0770130106348346e-05,1,273,0.7064087390899658
fold4_inactive,79,788,788,0.6501712799072266,1.9116612419717364e-05,1,747,0.6501712799072266
fold4_inactive,80,745,745,0.6258376836776733,1.8401145676915926e-05,1,743,0.6258376836776733
fold4_inactive,81,746,746,0.6236147880554199,1.8335787154672115e-05,1,743,0.6236147880554199
fold4_inactive,82,298,298,0.6114514470100403,1.7978155429495727e-05,1,224,0.6114514470100403
fold4_inactive,83,0,0,0.0,0.0,0,0,0.0
fold4_inactive,84,1,1,0.0,0.0,0,0,0.0
fold4_inactive,85,2,2,0.0,0.0,0,0,0.0
fold4_inactive,86,3,3,0.0,0.0,0,0,0.0
fold4_inactive,87,4,4,0.0,0.0,0,0,0.0
fold4_inactive,88,5,5,0.0,0.0,0,0,0.0
fold4_inactive,89,6,6,0.0,0.0,0,0,0.0
fold4_inactive,90,7,7,0.0,0.0,0,0,0.0
fold4_inactive,91,8,8,0.0,0.0,0,0,0.0
fold4_inactive,92,9,9,0.0,0.0,0,0,0.0
fold4_inactive,93,10,10,0.0,0.0,0,0,0.0
fold4_inactive,94,11,11,0.0,0.0,0,0,0.0
fold4_inactive,95,12,12,0.0,0.0,0,0,0.0
fold4_inactive,96,13,13,0.0,0.0,0,0,0.0
fold4_inactive,97,30,30,0.0,0.0,0,0,0.0
fold4_inactive,98,31,31,0.0,0.0,0,0,0.0
fold4_inactive,99,757,757,0.0,0.0,0,0,0.0
fold4_inactive,100,758,758,0.0,0.0,0,0,0.0
