t,retained_ratio
0,0.000000
1,0.000000
2,0.000000
3,0.000000
4,0.000000
5,0.000000
6,0.000000
7,0.000000
8,0.000000
9,0.000000
10,0.000000
11,0.000000
12,0.000000
13,0.000000
14,0.000000
15,0.000000
16,0.000000
17,0.000000
18,0.000000
19,0.000000
20,0.000000
21,0.000000
22,0.000000
23,0.000000
24,0.000000
25,0.000000
26,0.000000
27,0.000000
28,0.000000
29,0.000000
30,0.000000
31,0.000000
32,0.000000
33,0.000000
34,0.000000
35,0.000000
36,0.000000
37,0.000000
38,0.000000
39,0.000000
40,0.000000
41,0.000000
42,0.000000
43,0.000000
44,0.000000
45,0.000000
46,0.000000
47,0.000000
48,0.000000
49,0.767886
50,0.729674
51,0.711181
52,0.703768
53,0.683789
54,0.708015
55,0.698950
56,0.681734
57,0.690456
58,0.682873
59,0.678637
60,0.665057
61,0.680830
62,0.673487
63,0.681086
64,0.681513
65,0.690502
66,0.696945
67,0.713270
68,0.724561
69,0.715694
70,0.721258
71,0.731487
72,0.729174
73,0.729749
74,0.731390
75,0.712869
76,0.705428
77,0.676117
78,0.685418
79,0.677891
80,0.663158
81,0.663045
82,0.641078
83,0.642408
84,0.618961
85,0.634755
86,0.637657
87,0.647539
88,0.665542
89,0.668033
90,0.647575
91,0.642768
92,0.575854
93,0.567004
94,0.527119
95,0.529899
96,0.502202
97,0.527857
98,0.508472
99,0.520480
100,0.580539
101,0.608756
102,0.559362
103,0.590218
104,0.591872
105,0.481088
106,0.495391
107,0.495203
108,0.547906
109,0.556980
110,0.564321
111,0.561748
112,0.571654
113,0.585458
114,0.591983
115,0.594444
116,0.575334
117,0.595184
118,0.603749
119,0.650716
120,0.667880
121,0.654831
122,0.631179
123,0.665945
124,0.696305
125,0.732480
126,0.738102
127,0.735337
128,0.721674
129,0.704484
130,0.713624
131,0.698158
132,0.701668
133,0.705208
134,0.725889
135,0.713798
136,0.715505
137,0.692548
138,0.673848
139,0.658421
140,0.668000
141,0.595617
142,0.604611
143,0.600262
144,0.589665
145,0.576082
146,0.583929
147,0.556018
148,0.551805
149,0.821643
150,0.822177
151,0.838754
152,0.851518
153,0.714738
154,0.730003
155,0.724535
156,0.746372
157,0.745087
158,0.751193
159,0.766584
160,0.801947
161,0.806408
162,0.848765
163,0.830875
164,0.796446
165,0.764641
166,0.731852
167,0.698688
168,0.695630
169,0.671785
170,0.674928
171,0.720112
172,0.749539
173,0.783338
174,0.794801
175,0.854664
176,0.901365
177,0.921166
178,0.917166
179,0.921150
180,0.930652
181,0.933650
182,0.936112
183,0.927045
184,0.944697
185,0.952154
186,0.968099
187,0.956944
188,0.956731
189,0.973680
190,0.998856
191,0.990913
192,0.957843
193,0.962211
194,0.964964
195,0.962478
196,0.942911
197,0.949659
198,0.955371
199,0.940432
200,0.932992
201,0.963880
202,0.991059
203,1.000000
204,1.000000
205,1.000000
206,1.000000
207,1.000000
208,1.000000
209,1.000000
210,1.000000
211,1.000000
212,1.000000
213,0.988031
214,0.967825
215,0.990515
216,0.997669
217,0.998662
218,1.000000
219,0.986288
220,1.000000
221,1.000000
222,1.000000
223,1.000000
224,1.000000
225,1.000000
226,0.989302
227,0.970426
228,0.974372
229,0.973091
230,0.963224
231,0.923782
232,0.904325
233,0.889528
234,0.861700
235,0.887076
236,0.922054
237,0.974087
238,1.000000
239,1.000000
240,1.000000
241,1.000000
242,1.000000
243,1.000000
244,1.000000
245,1.000000
246,1.000000
247,1.000000
248,1.000000
249,1.000000
250,1.000000
251,1.000000
252,1.000000
253,1.000000
254,1.000000
255,1.000000
256,1.000000
257,1.000000
258,1.000000
259,1.000000
260,1.000000
261,1.000000
262,1.000000
263,1.000000
264,1.000000
265,1.000000
266,1.000000
267,1.000000
268,1.000000
269,1.000000
270,1.000000
271,1.000000
272,1.000000
273,1.000000
274,1.000000
275,1.000000
276,1.000000
277,1.000000
278,1.000000
279,1.000000
280,1.000000
281,1.000000
282,1.000000
283,1.000000
284,1.000000
285,1.000000
286,1.000000
287,1.000000
288,1.000000
289,0.989262
290,0.926530
291,0.907161
292,0.910137
293,0.912729
294,0.901913
295,0.920279
296,0.905766
297,0.904590
298,0.932912
299,0.933077
300,0.919320
301,0.916993
302,0.933516
303,0.935967
304,0.936899
305,0.924703
306,0.984123
307,0.946893
308,0.957476
309,0.960018
310,0.950890
311,0.925953
312,0.874131
313,0.870164
314,0.874819
315,0.890071
316,0.915618
317,0.917717
318,0.910180
319,0.900420
320,0.859213
321,0.826854
322,0.804305
323,0.812572
324,0.821973
325,0.825228
326,0.812843
327,0.810495
328,0.809093
329,0.842806
330,0.870832
331,0.860594
332,0.836042
333,0.808970
334,0.831687
335,0.857412
336,0.872518
337,0.882080
338,0.882341
339,0.861113
340,0.920113
341,0.938511
342,0.947577
343,0.981426
344,0.965475
345,0.963163
346,0.972035
347,0.972759
348,0.979626
349,0.989399
350,0.986869
351,0.991948
352,0.959145
353,0.934749
354,0.949327
355,0.940010
356,0.944949
357,0.934587
358,0.923647
359,0.921092
360,0.910815
361,0.934546
362,0.989029
363,0.979313
364,0.955300
365,0.958425
366,0.972221
367,0.983746
368,0.958438
369,1.000000
370,1.000000
371,1.000000
372,1.000000
373,1.000000
374,0.962351
375,0.941057
376,0.939302
377,0.926929
378,0.916708
379,0.916908
380,0.921770
381,0.924158
382,0.938774
383,0.948564
384,0.956178
385,0.991737
386,0.991315
387,1.000000
388,1.000000
389,0.970890
390,0.955173
391,0.937595
392,0.940519
393,0.943350
394,0.932324
395,0.960700
396,0.992381
397,1.000000
398,1.000000
399,1.000000
400,1.000000
401,1.000000
402,1.000000
403,1.000000
404,1.000000
405,1.000000
406,1.000000
407,1.000000
408,1.000000
409,1.000000
410,1.000000
411,1.000000
412,1.000000
413,1.000000
414,1.000000
415,1.000000
416,1.000000
417,0.941408
418,0.918052
419,0.901838
420,0.924330
421,0.922798
422,0.899327
423,0.920889
424,0.921033
425,0.886193
426,0.850136
427,0.921747
428,0.920323
429,0.934062
430,0.936411
431,0.897409
432,0.917054
433,0.917752
434,0.925686
435,0.958001
436,0.955169
437,0.958178
438,0.969890
439,0.986874
440,0.986126
441,0.997967
442,0.991087
443,0.989408
444,0.999596
445,0.987576
446,1.000000
447,0.911039
448,0.788135
449,0.786145
450,0.777478
451,0.762916
452,0.711838
453,0.702868
454,0.663755
455,0.655736
456,0.646327
457,0.645505
458,0.676131
459,0.713031
460,0.794069
461,0.804788
462,0.819172
463,0.839383
464,0.888193
465,0.928896
466,0.934761
467,0.921716
468,0.901302
469,0.897098
470,0.916636
471,0.896715
472,0.888213
473,0.925220
474,0.894974
475,0.881012
476,0.870007
477,0.861410
478,0.872378
479,0.899245
480,0.924035
481,0.951592
482,0.981131
483,0.975428
484,0.968953
485,0.942488
486,0.991460
487,0.996001
488,1.000000
489,1.000000
490,1.000000
491,1.000000
492,1.000000
493,1.000000
494,1.000000
495,1.000000
496,1.000000
497,1.000000
498,1.000000
499,1.000000
500,1.000000
501,1.000000
502,1.000000
503,1.000000
504,1.000000
505,1.000000
506,1.000000
507,1.000000
508,1.000000
509,1.000000
510,1.000000
511,1.000000
512,1.000000
513,1.000000
514,0.990717
515,0.963685
516,0.989932
517,0.960705
518,0.921917
519,0.915135
520,0.917515
521,0.935850
522,0.905025
523,0.906092
524,0.907484
525,0.773418
526,0.829706
527,0.678968
528,0.648734
529,0.614060
530,0.568494
531,0.569643
532,0.566580
533,0.544164
534,0.517476
535,0.532351
536,0.547393
537,0.539159
538,0.494436
539,0.545128
540,0.478070
541,0.434590
542,0.394964
543,0.401887
544,0.409433
545,0.403152
546,0.399756
547,0.482666
548,0.505638
549,0.514085
550,0.528428
551,0.564545
552,0.594886
553,0.612771
554,0.625638
555,0.611237
556,0.679793
557,0.654193
558,0.672204
559,0.645025
560,0.639699
561,0.633343
562,0.619516
563,0.617748
564,0.562215
565,0.554108
566,0.509410
567,0.514471
568,0.511269
569,0.507230
570,0.522538
571,0.513598
572,0.523968
573,0.516449
574,0.516560
575,0.438509
576,0.457473
577,0.579052
578,0.879304
579,0.934363
580,0.920793
581,0.893845
582,0.876159
583,0.560153
584,0.595881
585,0.580138
586,0.555787
587,0.576759
588,0.542810
589,0.524552
590,0.511489
591,0.523557
592,0.476891
593,0.446346
594,0.428102
595,0.382825
596,0.365398
597,0.339698
598,0.352775
599,0.387564
600,0.394946
601,0.397004
602,0.387546
603,0.404702
604,0.421096
605,0.392380
606,0.373481
607,0.362669
608,0.357700
609,0.368557
610,0.318139
611,0.290576
612,0.272995
613,0.263097
614,0.285248
615,0.302823
616,0.349868
617,0.364256
618,0.436078
619,0.496275
620,0.450207
621,0.415730
622,0.407131
623,0.407944
624,0.416701
625,0.491944
626,0.506793
627,0.532732
628,0.568310
629,0.595477
630,0.621186
631,0.679963
632,0.701990
633,0.747080
634,0.755494
635,0.777066
636,0.729547
637,0.735796
638,0.752062
639,0.740360
640,0.791218
641,0.810776
642,0.692852
643,0.664531
644,0.681596
645,0.688877
646,0.686036
647,0.702373
648,0.846426
649,0.851527
650,0.857572
651,0.880505
652,0.900936
653,0.875351
654,0.881037
655,0.861742
656,0.895838
657,0.891445
658,0.898623
659,0.861957
660,0.817873
661,0.801350
662,0.788895
663,0.790037
664,0.845267
665,0.849891
666,0.839961
667,0.882292
668,0.859910
669,0.874343
670,0.856383
671,0.908660
672,0.893464
673,0.862725
674,0.855247
675,0.869854
676,0.854507
677,0.787174
678,0.693296
679,0.665093
680,0.635541
681,0.704323
682,0.737825
683,0.727578
684,0.686079
685,0.663332
686,0.673261
687,0.689150
688,0.686271
689,0.706997
690,0.750243
691,0.794998
692,0.862272
693,0.853680
694,0.845440
695,0.901602
696,0.915938
697,0.944984
698,0.942171
699,0.964853
700,0.970034
701,0.965812
702,0.927068
703,0.873408
704,0.857504
705,0.878921
706,0.889438
707,0.892094
708,0.909019
709,0.913950
710,0.931609
711,0.940472
712,0.949791
713,0.944113
714,0.959236
715,0.964822
716,0.940228
717,0.972797
718,0.975666
719,0.983137
720,0.974751
721,0.976643
722,1.000000
723,0.966567
724,0.981125
725,0.991175
726,0.960370
727,0.965840
728,0.959610
729,0.950085
730,0.931847
731,0.929631
732,0.917732
733,0.904392
734,0.911653
735,0.927369
736,1.000000
737,1.000000
738,1.000000
739,1.000000
740,1.000000
741,0.931218
742,0.783724
743,0.791045
744,0.835981
745,0.838945
746,0.864932
747,0.881933
748,0.862545
749,0.870004
750,0.888001
751,0.875082
752,0.909201
753,0.917967
754,0.883261
755,0.866611
756,0.843496
757,0.832679
758,0.844906
759,0.879706
760,0.908481
761,0.896586
762,0.860055
763,0.803495
764,0.855474
765,0.729491
766,0.463080
767,0.484029
768,0.301060
769,0.279684
770,0.212590
771,0.132569
772,0.117100
773,0.031301
774,0.033200
775,0.013580
776,0.061233
777,0.119040
778,0.165166
779,0.298092
780,0.351083
781,0.382423
782,0.429353
783,0.470859
784,0.531462
785,0.555122
786,0.549479
787,0.539634
788,0.525781
789,0.492509
790,0.465238
791,0.423761
792,0.401632
793,0.380800
794,0.343427
795,0.356169
796,0.336597
797,0.319268
798,0.291398
799,0.228123
800,0.168408
801,0.000000
802,0.000000
803,0.000000
804,0.000000
805,0.000000
806,0.000000
807,0.000000
808,0.000000
809,0.000000
810,0.000000
811,0.000000
812,0.000000
813,0.000000
814,0.000000
815,0.000000
816,0.000000
817,0.000000
818,0.000000
819,0.000000
820,0.000000
821,0.000000
822,0.000000
823,0.000000
824,0.000000
825,0.000000
826,0.000000
827,0.000000
828,0.000000
829,0.000000
830,0.000000
831,0.000000
832,0.000000
833,0.000000
834,0.000000
835,0.000000
836,0.000000
837,0.000000
838,0.000000
839,0.000000
840,0.000000
841,0.000000
842,0.000000
843,0.000000
844,0.000000
845,0.000000
846,0.000000
847,0.000000
848,0.000000
849,0.000000
850,0.000000
851,0.000000
852,0.000000
853,0.000000
854,0.000000
855,0.000000
856,0.000000
857,0.000000
858,0.000000
859,0.000000
860,0.000000
861,0.000000
862,0.035636
863,0.079724
864,0.097644
865,0.026062
866,0.333641
867,0.307981
868,0.286770
869,0.194139
870,0.204425
871,0.156407
872,0.129907
873,0.106597
874,0.120938
875,0.126021
876,0.118314
877,0.064882
878,0.113108
879,0.122147
880,0.130434
881,0.097924
882,0.102695
883,0.119910
884,0.102751
885,0.098331
886,0.131977
887,0.153635
888,0.156617
889,0.157884
890,0.177625
891,0.199805
892,0.200581
893,0.205674
894,0.217679
895,0.203374
896,0.212825
897,0.226234
898,0.220919
899,0.193755
900,0.196042
901,0.201400
902,0.208568
903,0.179561
904,0.188397
905,0.229511
906,0.223679
907,0.170942
908,0.169113
909,0.164167
910,0.203248
911,0.210321
912,0.248158
913,0.244943
914,0.244824
915,0.245890
916,0.249641
917,0.264786
918,0.282343
919,0.362040
920,0.365182
921,0.355864
922,0.339440
923,0.336322
924,0.321924
925,0.324212
926,0.311391
927,0.318675
928,0.311035
929,0.302702
930,0.310829
931,0.349215
932,0.350267
933,0.339460
934,0.341438
935,0.342513
936,0.320660
937,0.282929
938,0.304494
939,0.278475
940,0.276380
941,0.241099
942,0.236902
943,0.220912
944,0.212681
945,0.200321
946,0.181348
947,0.196184
948,0.182814
949,0.180607
950,0.133438
951,0.095151
952,0.073860
953,0.060520
954,0.051668
955,0.035578
956,0.005846
957,0.000000
958,0.068516
959,0.077864
960,0.067542
961,0.006916
962,0.040460
963,0.038012
964,0.024047
965,0.045816
966,0.041317
967,0.044453
968,0.008449
969,0.000000
970,0.010572
971,0.030403
972,0.057815
973,0.068394
974,0.061301
975,0.079401
976,0.081646
977,0.073942
978,0.069073
979,0.023086
980,0.153137
981,0.148559
982,0.149459
983,0.150229
984,0.158198
985,0.190972
986,0.194348
987,0.208711
988,0.280161
989,0.307902
990,0.333678
991,0.349508
992,0.335306
993,0.342863
994,0.362282
995,0.357604
996,0.374785
997,0.439324
998,0.440826
999,0.466150
1000,0.469263
1001,0.451821
1002,0.437425
1003,0.416455
1004,0.396613
1005,0.398348
1006,0.406488
1007,0.410201
1008,0.391709
1009,0.414806
1010,0.345247
1011,0.321322
1012,0.360094
1013,0.370959
1014,0.336526
1015,0.293914
1016,0.321553
1017,0.355847
1018,0.375115
1019,0.385878
1020,0.358311
1021,0.359162
1022,0.350333
1023,0.371643
1024,0.369382
1025,0.354498
1026,0.325354
1027,0.309511
1028,0.261957
1029,0.198600
1030,0.123383
1031,0.061429
1032,0.031256
1033,0.000000
1034,0.000000
1035,0.000000
1036,0.000000
1037,0.000000
1038,0.000000
1039,0.000000
1040,0.000000
1041,0.000000
1042,0.000000
1043,0.000000
1044,0.000000
1045,0.000000
1046,0.000000
1047,0.000000
1048,0.000000
1049,0.000000
1050,0.000000
1051,0.000000
1052,0.000000
1053,0.000000
1054,0.000000
1055,0.000000
1056,0.000000
1057,0.000000
1058,0.000000
1059,0.000000
1060,0.000000
1061,0.000000
1062,0.000000
1063,0.000000
1064,0.000000
1065,0.000000
1066,0.000000
1067,0.000000
1068,0.000000
1069,0.000000
1070,0.000000
1071,0.000000
1072,0.000000
1073,0.000000
1074,0.000000
1075,0.000000
1076,0.000000
1077,0.000000
1078,0.000000
1079,0.000000
1080,0.000000
1081,0.000000
1082,0.000000
1083,0.000000
1084,0.000000
1085,0.000000
1086,0.000000
1087,0.000000
1088,0.000000
1089,0.089861
1090,0.115565
1091,0.171541
1092,0.133458
1093,0.174835
1094,0.583428
1095,0.934181
1096,0.906997
1097,0.899992
1098,0.880330
1099,0.896087
1100,0.878097
1101,0.890508
1102,0.881768
1103,0.888163
1104,0.917039
1105,0.872594
1106,0.865307
1107,0.878327
1108,0.863973
1109,0.947002
1110,1.000000
1111,0.941320
1112,0.948908
1113,0.964413
1114,0.982700
1115,0.987798
1116,0.999480
1117,1.000000
1118,1.000000
1119,1.000000
1120,1.000000
1121,1.000000
1122,1.000000
1123,1.000000
1124,1.000000
1125,1.000000
1126,1.000000
1127,1.000000
1128,1.000000
1129,1.000000
1130,1.000000
1131,1.000000
1132,1.000000
1133,1.000000
1134,1.000000
1135,1.000000
1136,0.984955
1137,0.956377
1138,0.986211
1139,0.925137
1140,0.909732
1141,0.914755
1142,0.919926
1143,0.940954
1144,0.901460
1145,0.895379
1146,0.897411
1147,0.878888
1148,0.876525
1149,0.822713
1150,0.762547
1151,0.743539
1152,0.742709
1153,0.752896
1154,0.723682
1155,0.775944
1156,0.811767
1157,0.800948
1158,0.751554
1159,0.802585
1160,0.811821
1161,0.885414
1162,0.902134
1163,0.889326
1164,0.909656
1165,0.903651
1166,0.864284
1167,0.828225
1168,0.820789
1169,0.810436
1170,0.799388
1171,0.841975
1172,0.864201
1173,0.762389
1174,0.769771
1175,0.775091
1176,0.778258
1177,0.800304
1178,0.843392
1179,0.866950
1180,0.889245
1181,0.896790
1182,0.914711
1183,0.929934
1184,0.923402
1185,0.916960
1186,0.855428
1187,0.841864
1188,0.813534
1189,0.745615
1190,0.739066
1191,0.730096
1192,0.716936
1193,0.711144
1194,0.689924
1195,0.694909
1196,0.660147
1197,0.671665
1198,0.671125
1199,0.664548
1200,0.718250
1201,0.730781
1202,0.813121
1203,0.828841
1204,0.839107
1205,0.836373
1206,0.838987
1207,0.844637
1208,0.816385
1209,0.844545
1210,0.798228
1211,0.813583
1212,0.771759
1213,0.757370
1214,0.754098
1215,0.743284
1216,0.747399
1217,0.763107
1218,0.755909
1219,0.864203
1220,0.882777
1221,0.852718
1222,0.832072
1223,0.908315
1224,0.913421
1225,0.906525
1226,0.889718
1227,0.918680
1228,0.934919
1229,0.948959
1230,0.968229
1231,0.900249
1232,0.903365
1233,0.918263
1234,0.912582
1235,0.879431
1236,0.895734
1237,0.878944
1238,0.845008
1239,0.850408
1240,0.861544
1241,0.884130
1242,0.908355
1243,0.919858
1244,0.945111
1245,0.949309
1246,0.953938
1247,0.960236
1248,0.978374
1249,0.973944
1250,0.988565
1251,0.969088
1252,0.963370
1253,0.984584
1254,0.774297
1255,0.777808
1256,0.777020
1257,0.764802
1258,0.773685
1259,0.781666
1260,0.792290
1261,0.797125
1262,0.806968
1263,0.868234
1264,0.929958
1265,0.920781
1266,0.947024
1267,0.925484
1268,0.910262
1269,0.906255
1270,0.793146
1271,0.815389
1272,0.795474
1273,0.832676
1274,0.820662
1275,0.802200
1276,0.726708
1277,0.707928
1278,0.685898
1279,0.676439
1280,0.681451
1281,0.676731
1282,0.675559
1283,0.741959
1284,0.746260
1285,0.753060
1286,0.746594
1287,0.756376
1288,0.754620
1289,0.747917
1290,0.744799
1291,0.742534
1292,0.696173
1293,0.689936
1294,0.678579
1295,0.651915
1296,0.631056
1297,0.637107
1298,0.637405
1299,0.671140
1300,0.670168
1301,0.674541
1302,0.693684
1303,0.664134
1304,0.869323
1305,0.845189
1306,0.832174
1307,0.838943
1308,0.868599
1309,0.852167
1310,0.847681
1311,0.869941
1312,0.882001
1313,0.867143
1314,0.898932
1315,0.934010
1316,0.913015
1317,0.925673
1318,0.898661
1319,0.908166
1320,0.891293
1321,0.953084
1322,0.999525
1323,0.960368
1324,0.981925
1325,0.998834
1326,0.967413
1327,0.873741
1328,0.885826
1329,0.902152
1330,0.961222
1331,0.978790
1332,0.993255
1333,0.992243
1334,0.996572
1335,0.986655
1336,0.960884
1337,0.945020
1338,0.942553
1339,0.949114
1340,0.944798
1341,0.963967
1342,0.976148
1343,0.977341
1344,0.972161
1345,0.975363
1346,0.967127
1347,0.974653
1348,0.948610
1349,0.947227
1350,0.923434
1351,0.899006
1352,0.872307
1353,0.875825
1354,0.868193
1355,0.859697
1356,0.930554
1357,0.897360
1358,0.899172
1359,0.887400
1360,0.881322
1361,0.899636
1362,0.884852
1363,0.850896
1364,0.849051
1365,0.803559
1366,0.780434
1367,0.837386
1368,0.853796
1369,0.913772
1370,0.926514
1371,0.918230
1372,0.933116
1373,0.947673
1374,0.932392
1375,0.903604
1376,0.933363
1377,0.907799
1378,0.907174
1379,0.915150
1380,0.907972
1381,0.957314
1382,1.000000
1383,1.000000
1384,1.000000
1385,1.000000
1386,1.000000
1387,1.000000
1388,1.000000
1389,1.000000
1390,1.000000
1391,1.000000
1392,1.000000
1393,1.000000
1394,1.000000
1395,1.000000
1396,1.000000
1397,1.000000
1398,1.000000
1399,1.000000
1400,1.000000
1401,1.000000
1402,0.968219
1403,0.927858
1404,0.969224
1405,0.894912
1406,0.876778
1407,0.877295
1408,0.857600
1409,0.852844
1410,0.845239
1411,0.845368
1412,0.847355
1413,0.791054
1414,0.758276
1415,0.689170
1416,0.666518
1417,0.661661
1418,0.657605
1419,0.661148
1420,0.679331
1421,0.657713
1422,0.660839
1423,0.665954
1424,0.676459
1425,0.615038
1426,0.568998
1427,0.539978
1428,0.455361
1429,0.197671
1430,0.182025
1431,0.174045
1432,0.288137
1433,0.283680
1434,0.299437
1435,0.295275
1436,0.300317
1437,0.266559
1438,0.266248
1439,0.260140
1440,0.251991
1441,0.250752
1442,0.236410
1443,0.236636
1444,0.230612
1445,0.226980
1446,0.219774
1447,0.169087
1448,0.166281
1449,0.163237
1450,0.193804
1451,0.288426
1452,0.402793
1453,0.424412
1454,0.447526
1455,0.451418
1456,0.422053
1457,0.421689
1458,0.399485
1459,0.421578
1460,0.450459
1461,0.461862
1462,0.492121
1463,0.534299
1464,0.550954
1465,0.558302
1466,0.565469
1467,0.591822
1468,0.602098
1469,0.611474
1470,0.589914
1471,0.588506
1472,0.581126
1473,0.593972
1474,0.591812
1475,0.601582
1476,0.587532
1477,0.590652
1478,0.604554
1479,0.554014
1480,0.549116
1481,0.548429
1482,0.485119
1483,0.483207
1484,0.512332
1485,0.517493
1486,0.527141
1487,0.511774
1488,0.498509
1489,0.555010
1490,0.619264
1491,0.711958
1492,0.815439
1493,0.818805
1494,0.882759
1495,0.883272
1496,0.905661
1497,0.794119
1498,0.776826
1499,0.777808
1500,0.763094
1501,0.761899
1502,0.722332
1503,0.746142
1504,0.738076
1505,0.720095
1506,0.714555
1507,0.736761
1508,0.753389
1509,0.865519
1510,0.740918
1511,0.695072
1512,0.730457
1513,0.756537
1514,0.756918
1515,0.767535
1516,0.764755
1517,0.754720
1518,0.679625
1519,0.687010
1520,0.685616
1521,0.674570
1522,0.671256
1523,0.665577
1524,0.626681
1525,0.620387
1526,0.615600
1527,0.628309
1528,0.608980
1529,0.590017
1530,0.593697
1531,0.592863
1532,0.578869
1533,0.579969
1534,0.585930
1535,0.604699
1536,0.591258
1537,0.608784
1538,0.631700
1539,0.627344
1540,0.677705
1541,0.670248
1542,0.697067
1543,0.716220
1544,0.726145
1545,0.765449
1546,0.757365
1547,0.823561
1548,0.860216
1549,0.853991
1550,0.874116
1551,0.863331
1552,0.874785
1553,0.871199
1554,0.862121
1555,0.865922
1556,0.840999
1557,0.844093
1558,0.848048
1559,0.816030
1560,0.872898
1561,1.000000
1562,1.000000
1563,1.000000
1564,1.000000
1565,0.992169
1566,1.000000
1567,1.000000
1568,0.966724
1569,0.956405
1570,0.979051
1571,0.999137
1572,0.985575
1573,0.965155
1574,0.987340
1575,0.996423
1576,1.000000
1577,0.941966
1578,0.947185
1579,0.933086
1580,0.928481
1581,0.935912
1582,0.918487
1583,0.801745
1584,0.742950
1585,0.552684
1586,0.516060
1587,0.117176
1588,0.071099
1589,0.000000
1590,0.000000
1591,0.000000
1592,0.000000
1593,0.000000
1594,0.007844
1595,0.048204
1596,0.069612
1597,0.147981
1598,0.213110
1599,0.262327
1600,0.287981
1601,0.307218
1602,0.340304
1603,0.379677
1604,0.391066
1605,0.278261
1606,0.143933
1607,0.127754
1608,0.015907
1609,0.000000
1610,0.000000
1611,0.000000
1612,0.000000
1613,0.000000
1614,0.000000
1615,0.000000
1616,0.000000
1617,0.000000
1618,0.000000
1619,0.000000
1620,0.000000
1621,0.000000
1622,0.000000
1623,0.000000
1624,0.000000
1625,0.000000
1626,0.000000
1627,0.000000
1628,0.000000
1629,0.000000
1630,0.000000
1631,0.000000
1632,0.000000
1633,0.000000
1634,0.000000
1635,0.000000
1636,0.000000
1637,0.000000
1638,0.000000
1639,0.000000
1640,0.000000
1641,0.000000
1642,0.000000
1643,0.000000
1644,0.000000
1645,0.000000
1646,0.000000
1647,0.000000
1648,0.000000
1649,0.000000
1650,0.000000
1651,0.000000
1652,0.000000
1653,0.006100
1654,0.000000
1655,0.024158
1656,0.010035
1657,0.027929
1658,0.036195
1659,0.008314
1660,0.025659
1661,0.058629
1662,0.089605
1663,0.112794
1664,0.116704
1665,0.171594
1666,0.189059
1667,0.217349
1668,0.247355
1669,0.243788
1670,0.240573
1671,0.250431
1672,0.243658
1673,0.231966
1674,0.237239
1675,0.228651
1676,0.279578
1677,0.345720
1678,0.336387
1679,0.357929
1680,0.382386
1681,0.385823
1682,0.347026
1683,0.318749
1684,0.291285
1685,0.295851
1686,0.299711
1687,0.261965
1688,0.232695
1689,0.223138
1690,0.229034
1691,0.229621
1692,0.221618
1693,0.180076
1694,0.184131
1695,0.196675
1696,0.214557
1697,0.219304
1698,0.236605
1699,0.272920
1700,0.314174
1701,0.312072
1702,0.310140
1703,0.310472
1704,0.305243
1705,0.294923
1706,0.295933
1707,0.287034
1708,0.281095
1709,0.248115
1710,0.227731
1711,0.201384
1712,0.186951
1713,0.189351
1714,0.210039
1715,0.210767
1716,0.250102
1717,0.290088
1718,0.268053
1719,0.287718
1720,0.283188
1721,0.259409
1722,0.265474
1723,0.309357
1724,0.329841
1725,0.362884
1726,0.387872
1727,0.346542
1728,0.344381
1729,0.340044
1730,0.329180
1731,0.361689
1732,0.383472
1733,0.327613
1734,0.341441
1735,0.336449
1736,0.352636
1737,0.379970
1738,0.396630
1739,0.402544
1740,0.413249
1741,0.416130
1742,0.401610
1743,0.365941
1744,0.366708
1745,0.380517
1746,0.368786
1747,0.394430
1748,0.352142
1749,0.409367
1750,0.385481
1751,0.387426
1752,0.361807
1753,0.377107
1754,0.390250
1755,0.378895
1756,0.435701
1757,0.447608
1758,0.459613
1759,0.459244
1760,0.451208
1761,0.452842
1762,0.450411
1763,0.428587
1764,0.398091
1765,0.368580
1766,0.363901
1767,0.364397
1768,0.391607
1769,0.431680
1770,0.467151
1771,0.471860
1772,0.464277
1773,0.416186
1774,0.389267
1775,0.353520
1776,0.336857
1777,0.318306
1778,0.309153
1779,0.295067
1780,0.309258
1781,0.294864
1782,0.272998
1783,0.329355
1784,0.413251
1785,0.517056
1786,0.522108
1787,0.541962
1788,0.488139
1789,0.430335
1790,0.449958
1791,0.464237
1792,0.463768
1793,0.514502
1794,0.387209
1795,0.414954
1796,0.438264
1797,0.394415
1798,0.397497
1799,0.417588
1800,0.374686
1801,0.399089
1802,0.436535
1803,0.469133
1804,0.516919
1805,0.521837
1806,0.471585
1807,0.316405
1808,0.313510
1809,0.324982
1810,0.343436
1811,0.327315
1812,0.293482
1813,0.259104
1814,0.226364
1815,0.181801
1816,0.108010
1817,0.034321
1818,0.000000
1819,0.000000
1820,0.000000
1821,0.000000
1822,0.000000
1823,0.000000
1824,0.000000
1825,0.000000
1826,0.000000
1827,0.000000
1828,0.000000
1829,0.000000
1830,0.000000
1831,0.000000
1832,0.000000
1833,0.000000
1834,0.000000
1835,0.000000
1836,0.000000
1837,0.000000
1838,0.000000
1839,0.000000
1840,0.000000
1841,0.000000
1842,0.000000
1843,0.000000
1844,0.000000
1845,0.000000
1846,0.000000
1847,0.000000
1848,0.000000
1849,0.000000
1850,0.000000
1851,0.000000
1852,0.000000
1853,0.000000
1854,0.000000
1855,0.000000
1856,0.000000
1857,0.000000
1858,0.000000
1859,0.000000
1860,0.000000
1861,0.000000
1862,0.000000
1863,0.000000
1864,0.000000
1865,0.000000
1866,0.000000
1867,0.000000
1868,0.000000
1869,0.000000
1870,0.000000
1871,0.000000
1872,0.000000
1873,0.000000
1874,0.000000
1875,0.000000
1876,0.000000
1877,0.000000
1878,0.000000
1879,0.120181
1880,0.102651
1881,0.094182
1882,0.106248
1883,0.163087
1884,0.553138
1885,0.805865
1886,0.799120
1887,0.803478
1888,0.808928
1889,0.807600
1890,0.807286
1891,0.865855
1892,0.863424
1893,0.858365
1894,0.869393
1895,0.862233
1896,0.701423
1897,0.680843
1898,0.786416
1899,0.676703
1900,0.677215
1901,0.678893
1902,0.680052
1903,0.689768
1904,0.696550
1905,0.689545
1906,0.682971
1907,0.654504
1908,0.647108
1909,0.661335
1910,0.654207
1911,0.685882
1912,0.661321
1913,0.683247
1914,0.665791
1915,0.647411
1916,0.648198
1917,0.674382
1918,0.674778
1919,0.697254
1920,0.719080
1921,0.739835
1922,0.757936
1923,0.764833
1924,0.753175
1925,0.756802
1926,0.791147
1927,0.782648
1928,0.775873
1929,0.769801
1930,0.773045
1931,0.822768
1932,0.808462
1933,0.838743
1934,0.836065
1935,0.820869
1936,0.829532
1937,0.821523
1938,0.804924
1939,0.779157
1940,0.801387
1941,0.830136
1942,0.825648
1943,0.834294
1944,0.842153
1945,0.741833
1946,0.767203
1947,0.748140
1948,0.728271
1949,0.810945
1950,0.802526
1951,0.789119
1952,0.803346
1953,0.813839
1954,0.831173
1955,0.854748
1956,0.849667
1957,0.853326
1958,0.838659
1959,0.830832
1960,0.848951
1961,0.843659
1962,0.842873
1963,0.922206
1964,0.901618
1965,0.937035
1966,0.939727
1967,0.944398
1968,0.921723
1969,0.960141
1970,0.967778
1971,0.966446
1972,0.965989
1973,0.971608
1974,0.983788
1975,1.000000
1976,1.000000
1977,0.963372
1978,0.960303
1979,0.982733
1980,0.933129
1981,0.938906
1982,0.952568
1983,0.927328
1984,0.913814
1985,0.918868
1986,0.959258
1987,0.955910
1988,0.911620
1989,0.938588
1990,0.946640
1991,0.899416
1992,0.893453
1993,0.875828
1994,0.894690
1995,0.884438
1996,0.879737
1997,0.869650
1998,0.874139
1999,0.916326
2000,0.838002
2001,0.914563
2002,0.909601
2003,0.899144
2004,0.899847
2005,0.853896
2006,0.888635
2007,0.946417
2008,0.891766
2009,0.855214
2010,0.866062
2011,0.873309
2012,0.873961
2013,0.893345
2014,0.897705
2015,0.898225
2016,0.979483
2017,0.970189
2018,1.000000
2019,1.000000
2020,1.000000
2021,1.000000
2022,1.000000
2023,1.000000
2024,1.000000
2025,1.000000
2026,1.000000
2027,1.000000
2028,1.000000
2029,0.978356
2030,0.962853
2031,0.953358
2032,0.922995
2033,0.928531
2034,0.929164
2035,0.937065
2036,0.898277
2037,0.913869
2038,0.922572
2039,0.900474
2040,0.912453
2041,0.878597
2042,0.902493
2043,1.000000
2044,1.000000
2045,1.000000
2046,1.000000
2047,1.000000
2048,1.000000
2049,1.000000
2050,1.000000
2051,1.000000
2052,1.000000
2053,1.000000
2054,1.000000
2055,1.000000
2056,1.000000
2057,1.000000
2058,1.000000
2059,1.000000
2060,1.000000
2061,1.000000
2062,1.000000
2063,1.000000
2064,1.000000
2065,1.000000
2066,1.000000
2067,1.000000
2068,1.000000
2069,1.000000
2070,0.958363
2071,0.954834
2072,0.939712
2073,0.912314
2074,0.820697
2075,0.797564
2076,0.768978
2077,0.678060
2078,0.644355
2079,0.632049
2080,0.593427
2081,0.549991
2082,0.525277
2083,0.520558
2084,0.492494
2085,0.457263
2086,0.412863
2087,0.423475
2088,0.393476
2089,0.351626
2090,0.333276
2091,0.325167
2092,0.326067
2093,0.308810
2094,0.310451
2095,0.301664
2096,0.299244
2097,0.290795
2098,0.253795
2099,0.222246
2100,0.246950
2101,0.268634
2102,0.297408
2103,0.330341
2104,0.366188
2105,0.379739
2106,0.403401
2107,0.447370
2108,0.450457
2109,0.474680
2110,0.512583
2111,0.466393
2112,0.450717
2113,0.449317
2114,0.453633
2115,0.471862
2116,0.492192
2117,0.494109
2118,0.503110
2119,0.541229
2120,0.556090
2121,0.569943
2122,0.552122
2123,0.577048
2124,0.578826
2125,0.566429
2126,0.572525
2127,0.605249
2128,0.588578
2129,0.580677
2130,0.531397
2131,0.571550
2132,0.552667
2133,0.503930
2134,0.505269
2135,0.465097
2136,0.408243
2137,0.395850
2138,0.291986
2139,0.251872
2140,0.239797
2141,0.150950
2142,0.867292
2143,0.842923
2144,0.855569
2145,0.847579
2146,0.828693
2147,0.824140
2148,0.774063
2149,0.728927
2150,0.672138
2151,0.618894
2152,0.552939
2153,0.535529
2154,0.504408
2155,0.479103
2156,0.490600
2157,0.505244
2158,0.522259
2159,0.535187
2160,0.543152
2161,0.510620
2162,0.512776
2163,0.558941
2164,0.582875
2165,0.610313
2166,0.653334
2167,0.630797
2168,0.643668
2169,0.641778
2170,0.694315
2171,0.719574
2172,0.768550
2173,0.812989
2174,0.794105
2175,0.771450
2176,0.754878
2177,0.726159
2178,0.669143
2179,0.590025
2180,0.660556
2181,0.604491
2182,0.560159
2183,0.553434
2184,0.577572
2185,0.610141
2186,0.627458
2187,0.710213
2188,0.744086
2189,0.807613
2190,0.808824
2191,0.818401
2192,0.833804
2193,0.868794
2194,0.896372
2195,0.875379
2196,0.917498
2197,0.922565
2198,0.965653
2199,0.970280
2200,0.973295
2201,0.980892
2202,0.947673
2203,0.929365
2204,0.937330
2205,0.927923
2206,0.939386
2207,0.925726
2208,0.927507
2209,0.928938
2210,0.943119
2211,0.932977
2212,0.954369
2213,0.921588
2214,0.854528
2215,0.853269
2216,0.706387
2217,0.641434
2218,0.636668
2219,0.611635
2220,0.600043
2221,0.663769
2222,0.670082
2223,0.685992
2224,0.798036
2225,0.825340
2226,0.948600
2227,0.892221
2228,0.868631
2229,0.816773
2230,0.670032
2231,0.683668
2232,0.651944
2233,0.613447
2234,0.591082
2235,0.629560
2236,0.685268
2237,0.711317
2238,0.591170
2239,0.567034
2240,0.572905
2241,0.579409
2242,0.631730
2243,0.635639
2244,0.717893
2245,0.704461
2246,0.702031
2247,0.694521
2248,0.681095
2249,0.677793
2250,0.674006
2251,0.639529
2252,0.639581
2253,0.633686
2254,0.621263
2255,0.612513
2256,0.618546
2257,0.584331
2258,0.606540
2259,0.631082
2260,0.638891
2261,0.669859
2262,0.708958
2263,0.704925
2264,0.719733
2265,0.721873
2266,0.725442
2267,0.724377
2268,0.737764
2269,0.815272
2270,0.811093
2271,0.735237
2272,0.751628
2273,0.722487
2274,0.731882
2275,0.718642
2276,0.700918
2277,0.740915
2278,0.758112
2279,0.724643
2280,0.739306
2281,0.752876
2282,0.737852
2283,0.640583
2284,0.645203
2285,0.637626
2286,0.585960
2287,0.706716
2288,0.748823
2289,0.735967
2290,0.782446
2291,0.809598
2292,0.934804
2293,0.978091
2294,1.000000
2295,1.000000
2296,1.000000
2297,1.000000
2298,1.000000
2299,1.000000
2300,1.000000
2301,1.000000
2302,1.000000
2303,1.000000
2304,1.000000
2305,1.000000
2306,1.000000
2307,1.000000
2308,1.000000
2309,1.000000
2310,0.977180
2311,0.982666
2312,0.924503
2313,0.924031
2314,0.911895
2315,0.917725
2316,0.918420
2317,0.906658
2318,0.907479
2319,0.903652
2320,0.896661
2321,0.883384
2322,0.879773
2323,0.872256
2324,0.836139
2325,0.841876
2326,0.892283
2327,0.839817
2328,0.831493
2329,0.786995
2330,0.778814
2331,0.749114
2332,0.744603
2333,0.734425
2334,0.774933
2335,0.748236
2336,0.762364
2337,0.775414
2338,0.784855
2339,0.774665
2340,0.738501
2341,0.686475
2342,0.691885
2343,0.683913
2344,0.699367
2345,0.709269
2346,0.726793
2347,0.730468
2348,0.749395
2349,0.769947
2350,0.776770
2351,0.801272
2352,0.748021
2353,0.736615
2354,0.738303
2355,0.724725
2356,0.704637
2357,0.697090
2358,0.676366
2359,0.664939
2360,0.731268
2361,0.648009
2362,0.720566
2363,0.724327
2364,0.739389
2365,0.774029
2366,0.807548
2367,0.804892
2368,0.786972
2369,0.771111
2370,0.768567
2371,0.773482
2372,0.770146
2373,0.796100
2374,0.754722
2375,0.732182
2376,0.724516
2377,0.717265
2378,0.723748
2379,0.733328
2380,0.743666
2381,0.801894
2382,0.873414
2383,0.885433
2384,0.890454
2385,0.875494
2386,0.855405
2387,0.885884
2388,0.908037
2389,0.915784
2390,0.907794
2391,0.911172
2392,0.911912
2393,0.901949
2394,0.909460
2395,0.925784
2396,0.930307
2397,0.942542
2398,0.898867
2399,0.879769
2400,0.779535
2401,0.757308
2402,0.762161
2403,0.766083
2404,0.775968
2405,0.780932
2406,0.785218
2407,0.802945
2408,0.824803
2409,0.823650
2410,0.825731
2411,0.824064
2412,0.824758
2413,0.803893
2414,0.795363
2415,0.765143
2416,0.743861
2417,0.703478
2418,0.673358
2419,0.640819
2420,0.639869
2421,0.637576
2422,0.635926
2423,0.633193
2424,0.662888
2425,0.687121
2426,0.689841
2427,0.716771
2428,0.756362
2429,0.776005
2430,0.770466
2431,0.678920
2432,0.660569
2433,0.647128
2434,0.634917
2435,0.611879
2436,0.597714
2437,0.723846
2438,0.717780
2439,0.715664
2440,0.702063
2441,0.681099
2442,0.657252
2443,0.618288
2444,0.589345
2445,0.553662
2446,0.513767
2447,0.492151
2448,0.481047
2449,0.464557
2450,0.480657
2451,0.457128
2452,0.524863
2453,0.549865
2454,0.610372
2455,0.654473
2456,0.703933
2457,0.713940
2458,0.741394
2459,0.752533
2460,0.732522
2461,0.738176
2462,0.695445
2463,0.708063
2464,0.703334
2465,0.702003
2466,0.744939
2467,0.759055
2468,0.781165
2469,0.781284
2470,0.771849
2471,0.766596
2472,0.761919
2473,0.766640
2474,0.791559
2475,0.823141
2476,0.847200
2477,0.896436
2478,0.878815
2479,0.885613
2480,0.906822
2481,0.915590
2482,0.881244
2483,0.877788
2484,0.910809
2485,0.990441
2486,1.000000
2487,0.956532
2488,0.956282
2489,0.962572
2490,0.951644
2491,0.949991
2492,0.951261
2493,0.963694
2494,0.983901
2495,1.000000
2496,1.000000
2497,1.000000
2498,1.000000
2499,1.000000
2500,1.000000
2501,0.971847
2502,0.979983
2503,0.995720
2504,1.000000
2505,0.983268
2506,0.985403
2507,0.921619
2508,0.910549
2509,0.929027
2510,0.940226
2511,0.940463
2512,0.980044
2513,0.997391
2514,0.980445
2515,0.973924
2516,0.943753
2517,0.900589
2518,0.925635
2519,0.867093
2520,0.826629
2521,0.752563
2522,0.739157
2523,0.677194
2524,0.648895
2525,0.632501
2526,0.641386
2527,0.649046
2528,0.676373
2529,0.691240
2530,0.667080
2531,0.654574
2532,0.659029
2533,0.663869
2534,0.643249
2535,0.654435
2536,0.681577
2537,0.668966
2538,0.671620
2539,0.655716
2540,0.692074
2541,0.708302
2542,0.718779
2543,0.699480
2544,0.707739
2545,0.671781
2546,0.657228
2547,0.611277
2548,0.640618
2549,0.670997
2550,0.671539
2551,0.698465
2552,0.694859
2553,0.679288
2554,0.707344
2555,0.737463
2556,0.742911
2557,0.813071
2558,0.808795
2559,0.815427
2560,0.827065
2561,0.798602
2562,0.825670
2563,0.806385
2564,0.805136
2565,0.811889
2566,0.824662
2567,0.806784
2568,0.811531
2569,0.800676
2570,0.853800
2571,0.968470
2572,1.000000
2573,1.000000
2574,1.000000
2575,1.000000
2576,1.000000
2577,1.000000
2578,1.000000
2579,1.000000
2580,1.000000
2581,1.000000
2582,1.000000
2583,1.000000
2584,1.000000
2585,1.000000
2586,1.000000
2587,1.000000
2588,1.000000
2589,1.000000
2590,0.975734
2591,0.962859
2592,0.951019
2593,0.962734
2594,1.000000
2595,0.997397
2596,0.893443
2597,0.861318
2598,0.869711
2599,0.837852
2600,0.780393
2601,0.783741
2602,0.775478
2603,0.769291
2604,0.779610
2605,0.782881
2606,0.801888
2607,0.790742
2608,0.804642
2609,0.819344
2610,0.821890
2611,0.800355
2612,0.782064
2613,0.735757
2614,0.724673
2615,0.737492
2616,0.717699
2617,0.697746
2618,0.697329
2619,0.691695
2620,0.718712
2621,0.714111
2622,0.694342
2623,0.624309
2624,0.627199
2625,0.658140
2626,0.675973
2627,0.690891
2628,0.767951
2629,0.807633
2630,0.789071
2631,0.786389
2632,0.804024
2633,0.790818
2634,0.823221
2635,0.900944
2636,0.968265
2637,1.000000
2638,1.000000
2639,1.000000
2640,1.000000
2641,1.000000
2642,1.000000
2643,1.000000
2644,1.000000
2645,1.000000
2646,1.000000
2647,1.000000
2648,1.000000
2649,1.000000
2650,1.000000
2651,1.000000
2652,1.000000
2653,0.991684
2654,1.000000
2655,1.000000
2656,0.991155
2657,0.983363
2658,0.985496
2659,0.980069
2660,0.975790
2661,0.994503
2662,0.980635
2663,0.995320
2664,1.000000
2665,0.993174
2666,0.956910
2667,0.953676
2668,0.926225
2669,0.924924
2670,0.926414
2671,0.901114
2672,0.928165
2673,0.909105
2674,0.927629
2675,0.928934
2676,0.928658
2677,0.902945
2678,0.884958
2679,0.857502
2680,0.894738
2681,0.869780
2682,0.861880
2683,0.820384
2684,0.805257
2685,0.768768
2686,0.751327
2687,0.847896
2688,0.867830
2689,0.864643
2690,0.884335
2691,0.889153
2692,0.899676
2693,0.923198
2694,0.896521
2695,0.949206
2696,0.963624
2697,0.997025
2698,0.990955
2699,0.989768
2700,0.981770
2701,0.976954
2702,0.967343
2703,1.000000
2704,0.993231
2705,0.995541
2706,0.996065
2707,1.000000
2708,1.000000
2709,1.000000
2710,1.000000
2711,1.000000
2712,1.000000
2713,1.000000
2714,0.992133
2715,0.981740
2716,0.989853
2717,0.971007
2718,0.969364
2719,0.947070
2720,0.923637
2721,0.968821
2722,0.956044
2723,0.914686
2724,0.887691
2725,0.876189
2726,0.841885
2727,0.865764
2728,0.930758
2729,0.894366
2730,0.803087
2731,0.762855
2732,0.720545
2733,0.637143
2734,0.608432
2735,0.583436
2736,0.571322
2737,0.579378
2738,0.554184
2739,0.506724
2740,0.427614
2741,0.379301
2742,0.315283
2743,0.271542
2744,0.258702
2745,0.310065
2746,0.317788
2747,0.347966
2748,0.389052
2749,0.449896
2750,0.468935
2751,0.475746
2752,0.455800
2753,0.396650
2754,0.326289
2755,0.342323
2756,0.309795
2757,0.325320
2758,0.339674
2759,0.415533
2760,0.471876
2761,0.553534
2762,0.627873
2763,0.705532
2764,0.770303
2765,0.820093
2766,0.824040
2767,0.629419
2768,0.461624
2769,0.510351
2770,0.079857
2771,0.119766
2772,0.031500
2773,0.062306
2774,0.095463
2775,0.056599
2776,0.071513
2777,0.067919
2778,0.060821
2779,0.043042
2780,0.076651
2781,0.184424
2782,0.228111
2783,0.228868
2784,0.310661
2785,0.346160
2786,0.471186
2787,0.355082
2788,0.377253
2789,0.341171
2790,0.241972
2791,0.263558
2792,0.276309
2793,0.256930
2794,0.213467
2795,0.177760
2796,0.145725
2797,0.111861
2798,0.062560
2799,0.027567
2800,0.000000
2801,0.000000
2802,0.000000
2803,0.000000
2804,0.000000
2805,0.000000
2806,0.000000
2807,0.000000
2808,0.000000
2809,0.000000
2810,0.000000
2811,0.000000
2812,0.000000
2813,0.000000
2814,0.000000
2815,0.000000
2816,0.000000
2817,0.000000
2818,0.000000
2819,0.000000
2820,0.000000
2821,0.000000
2822,0.000000
2823,0.000000
2824,0.000000
2825,0.000000
2826,0.000000
2827,0.000000
2828,0.000000
2829,0.000000
2830,0.000000
2831,0.000000
2832,0.000000
2833,0.000000
2834,0.000000
2835,0.161665
2836,0.142142
2837,0.146382
2838,0.240591
2839,0.265826
2840,0.276207
2841,0.301119
2842,0.323388
2843,0.323186
2844,0.338280
2845,0.349006
2846,0.358040
2847,0.366807
2848,0.354695
2849,0.360179
2850,0.348620
2851,0.347844
2852,0.369751
2853,0.380659
2854,0.382971
2855,0.382953
2856,0.386013
2857,0.407351
2858,0.407010
2859,0.383006
2860,0.373377
2861,0.355201
2862,0.361188
2863,0.368678
2864,0.392200
2865,0.392045
2866,0.374374
2867,0.371051
2868,0.373797
2869,0.386470
2870,0.386684
2871,0.381456
2872,0.392760
2873,0.404006
2874,0.409503
2875,0.427031
2876,0.412039
2877,0.367439
2878,0.369506
2879,0.368648
2880,0.369631
2881,0.373369
2882,0.361916
2883,0.368450
2884,0.354752
2885,0.402386
2886,0.377812
2887,0.363811
2888,0.331087
2889,0.295219
2890,0.299428
2891,0.296681
2892,0.292402
2893,0.292108
2894,0.285595
2895,0.239411
2896,0.216209
2897,0.130906
2898,0.153423
2899,0.157945
2900,0.159140
2901,0.128257
2902,0.146791
2903,0.176640
2904,0.262995
2905,0.278285
2906,0.329357
2907,0.306416
2908,0.332115
2909,0.135141
2910,0.118792
2911,0.096842
2912,0.091996
2913,0.103591
2914,0.000000
2915,0.057353
2916,0.074751
2917,0.124802
2918,0.109420
2919,0.080261
2920,0.062038
2921,0.019515
2922,0.000000
2923,0.000000
2924,0.000000
2925,0.000000
2926,0.000000
2927,0.000000
2928,0.000000
2929,0.000000
2930,0.000000
2931,0.000000
2932,0.000000
2933,0.000000
2934,0.000000
2935,0.000000
2936,0.000000
2937,0.000000
2938,0.000000
2939,0.000000
2940,0.000000
2941,0.000000
2942,0.000000
2943,0.000000
2944,0.000000
2945,0.000000
2946,0.000000
2947,0.000000
2948,0.000000
2949,0.000000
2950,0.000000
2951,0.000000
2952,0.000000
2953,0.000000
2954,0.000000
2955,0.000000
2956,0.000000
2957,0.000000
2958,0.000000
2959,0.000000
2960,0.000000
2961,0.000000
2962,0.000000
2963,0.000000
2964,0.000000
2965,0.000000
2966,0.000000
2967,0.000000
2968,0.000000
2969,0.000000
2970,0.000000
2971,0.000000
2972,0.000000
2973,0.000000
2974,0.000000
2975,0.000000
2976,0.000000
2977,0.000000
2978,0.000000
2979,0.000000
2980,0.000000
2981,0.000000
2982,0.000000
2983,0.000000
2984,0.000000
2985,0.000000
2986,0.000000
2987,0.000000
2988,0.000000
2989,0.000000
2990,0.000000
2991,0.000000
2992,0.000000
2993,0.000000
2994,0.000000
2995,0.000000
2996,0.000000
2997,0.000000
2998,0.000000
2999,0.000000
3000,0.000000
3001,0.000000
3002,0.000000
3003,0.000000
3004,0.000000
3005,0.000000
3006,0.000000
3007,0.000000
3008,0.000000
3009,0.000000
3010,0.000000
3011,0.000000
3012,0.000000
3013,0.000000
3014,0.000000
3015,0.000000
3016,0.000000
3017,0.000000
3018,0.000000
3019,0.000000
3020,0.000000
3021,0.000000
3022,0.000000
3023,0.000000
3024,0.000000
3025,0.000000
3026,0.000000
3027,0.000000
3028,0.000000
3029,0.000000
3030,0.000000
3031,0.000000
3032,0.000000
3033,0.000000
3034,0.000000
3035,0.000000
3036,0.000000
3037,0.000000
3038,0.000000
3039,0.000000
3040,0.000000
3041,0.000000
3042,0.000000
3043,0.000000
3044,0.000000
3045,0.000000
3046,0.000000
3047,0.000000
3048,0.000000
3049,0.000000
3050,0.000000
3051,0.000000
3052,0.000000
3053,0.000000
3054,0.000000
3055,0.000000
3056,0.000000
3057,0.000000
3058,0.000000
3059,0.000000
3060,0.000000
3061,0.000000
3062,0.000000
3063,0.000000
3064,0.000000
3065,0.000000
3066,0.000000
3067,0.000000
3068,0.000000
3069,0.000000
3070,0.000000
3071,0.000000
3072,0.000000
3073,0.000000
3074,0.000000
3075,0.000000
3076,0.000000
3077,0.000000
3078,0.000000
3079,0.000000
3080,0.000000
3081,0.000000
3082,0.000000
3083,0.000000
3084,0.000000
3085,0.000000
3086,0.000000
3087,0.000000
3088,0.000000
3089,0.000000
3090,0.000000
3091,0.000000
3092,0.000000
3093,0.000000
3094,0.000000
3095,0.000000
3096,0.000000
3097,0.000000
3098,0.128404
3099,0.516876
3100,0.764933
3101,0.789798
3102,0.739551
3103,0.742256
3104,0.753375
3105,0.726744
3106,0.729519
3107,0.713440
3108,0.709564
3109,0.780203
3110,0.786148
3111,0.798857
3112,0.816982
3113,0.813080
3114,0.799807
3115,0.776061
3116,0.778089
3117,0.773640
3118,0.777450
3119,0.760734
3120,0.805942
3121,0.910970
3122,0.970718
3123,1.000000
3124,1.000000
3125,1.000000
3126,1.000000
3127,1.000000
3128,1.000000
3129,1.000000
3130,1.000000
3131,1.000000
3132,1.000000
3133,1.000000
3134,1.000000
3135,1.000000
3136,1.000000
3137,1.000000
3138,1.000000
3139,1.000000
3140,1.000000
3141,1.000000
3142,1.000000
3143,1.000000
3144,0.934977
3145,0.925508
3146,0.955193
3147,0.949595
3148,0.973401
3149,0.956015
3150,1.000000
3151,1.000000
3152,1.000000
3153,1.000000
3154,1.000000
3155,1.000000
3156,1.000000
3157,1.000000
3158,1.000000
3159,1.000000
3160,1.000000
3161,0.989512
3162,0.937520
3163,0.902175
3164,0.904748
3165,0.887863
3166,0.877612
3167,0.866803
3168,0.878785
3169,0.868995
3170,0.876231
3171,0.886233
3172,0.890550
3173,0.912382
3174,0.884680
3175,0.631380
3176,0.660779
3177,0.672758
3178,0.667990
3179,0.658603
3180,0.671357
3181,0.668701
3182,0.714415
3183,0.781462
3184,0.799218
3185,0.741398
3186,0.763234
3187,0.776389
3188,0.760552
3189,0.755780
3190,0.726739
3191,0.717869
3192,0.745939
3193,0.763529
3194,0.773291
3195,0.765198
3196,0.785504
3197,0.794851
3198,0.769081
3199,0.699271
3200,0.700835
3201,0.700861
3202,0.712495
3203,0.709196
3204,0.714752
3205,0.694765
3206,0.659284
3207,0.632764
3208,0.612816
3209,0.574518
3210,0.538101
3211,0.526366
3212,0.508471
3213,0.485774
3214,0.460704
3215,0.406797
3216,0.410307
3217,0.397202
3218,0.394800
3219,0.383046
3220,0.340101
3221,0.322260
3222,0.301368
3223,0.291067
3224,0.333389
3225,0.391748
3226,0.442480
3227,0.486392
3228,0.508185
3229,0.415734
3230,0.354424
3231,0.350614
3232,0.334106
3233,0.305408
3234,0.257058
3235,0.229141
3236,0.262312
3237,0.255983
3238,0.276256
3239,0.291475
3240,0.287070
3241,0.374689
3242,0.353424
3243,0.323995
3244,0.335263
3245,0.333651
3246,0.340179
3247,0.354182
3248,0.405052
3249,0.412759
3250,0.427437
3251,0.458663
3252,0.470864
3253,0.499401
3254,0.523846
3255,0.531327
3256,0.546861
3257,0.563775
3258,0.564100
3259,0.561029
3260,0.568840
3261,0.586030
3262,0.601746
3263,0.678160
3264,0.710075
3265,0.708049
3266,0.724617
3267,0.717977
3268,0.730069
3269,0.716176
3270,0.733198
3271,0.738857
3272,0.744847
3273,0.765688
3274,0.812375
3275,0.850880
3276,0.892040
3277,0.912627
3278,0.887296
3279,0.882974
3280,0.875726
3281,0.862420
3282,0.927111
3283,0.940470
3284,0.983176
3285,1.000000
3286,1.000000
3287,0.889692
3288,0.834070
3289,0.419400
3290,0.513829
3291,0.449997
3292,0.207914
3293,0.274471
3294,0.286474
3295,0.225086
3296,0.248843
3297,0.224708
3298,0.236763
3299,0.230235
3300,0.235389
3301,0.201135
3302,0.163350
3303,0.162774
3304,0.133827
3305,0.128673
3306,0.188835
3307,0.222065
3308,0.274019
3309,0.302888
3310,0.303543
3311,0.292767
3312,0.325939
3313,0.375206
3314,0.397414
3315,0.402381
3316,0.390635
3317,0.378682
3318,0.365558
3319,0.312461
3320,0.290696
3321,0.250506
3322,0.223875
3323,0.135412
3324,0.105204
3325,0.083128
3326,0.000000
3327,0.000000
3328,0.000000
3329,0.000000
3330,0.000000
3331,0.000000
3332,0.000000
3333,0.000000
3334,0.000000
3335,0.000000
3336,0.000000
3337,0.000000
3338,0.000000
3339,0.000000
3340,0.000000
3341,0.000000
3342,0.000000
3343,0.000000
3344,0.000000
3345,0.000000
3346,0.000000
3347,0.000000
3348,0.000000
3349,0.000000
3350,0.000000
3351,0.000000
3352,0.000000
3353,0.000000
3354,0.000000
3355,0.000000
3356,0.000000
3357,0.000000
3358,0.000000
3359,0.000000
3360,0.000000
3361,0.000000
3362,0.000000
3363,0.000000
3364,0.000000
3365,0.000000
3366,0.000000
3367,0.000000
3368,0.000000
3369,0.000000
3370,0.000000
3371,0.000000
3372,0.000000
3373,0.000000
3374,0.000000
3375,0.000000
3376,0.040706
3377,0.070010
3378,0.133618
3379,0.152311
3380,0.179360
3381,0.206346
3382,0.239023
3383,0.256542
3384,0.245139
3385,0.236527
3386,0.253855
3387,0.218513
3388,0.208265
3389,0.191253
3390,0.161310
3391,0.159581
3392,0.141609
3393,0.131269
3394,0.084070
3395,0.073588
3396,0.086502
3397,0.104554
3398,0.108040
3399,0.108439
3400,0.135437
3401,0.168414
3402,0.170927
3403,0.187794
3404,0.193976
3405,0.194033
3406,0.180501
3407,0.150370
3408,0.142537
3409,0.144613
3410,0.120027
3411,0.063199
3412,0.061893
3413,0.070590
3414,0.080713
3415,0.081974
3416,0.125686
3417,0.107154
3418,0.111357
3419,0.095564
3420,0.104249
3421,0.132895
3422,0.193529
3423,0.124094
3424,0.109349
3425,0.097153
3426,0.089351
3427,0.089427
3428,0.081677
3429,0.087175
3430,0.095936
3431,0.098503
3432,0.086576
3433,0.081474
3434,0.087391
3435,0.074949
3436,0.050009
3437,0.054077
3438,0.061516
3439,0.000000
3440,0.000000
3441,0.000000
3442,0.000000
3443,0.000000
3444,0.000000
3445,0.000000
3446,0.000000
3447,0.000000
3448,0.000000
3449,0.000000
3450,0.000000
3451,0.000000
3452,0.000000
3453,0.000000
3454,0.000000
3455,0.000000
3456,0.000000
3457,0.000000
3458,0.000000
3459,0.000000
3460,0.000000
3461,0.000000
3462,0.000000
3463,0.000000
3464,0.000000
3465,0.005329
3466,0.006069
3467,0.000000
3468,0.000000
3469,0.000000
3470,0.000000
3471,0.000000
3472,0.000000
3473,0.000000
3474,0.000000
3475,0.000000
3476,0.000000
3477,0.000000
3478,0.000000
3479,0.000000
3480,0.000000
3481,0.000000
3482,0.042822
3483,0.049832
3484,0.054751
3485,0.009283
3486,0.000000
3487,0.000000
3488,0.000000
3489,0.000000
3490,0.000000
3491,0.000000
3492,0.000000
3493,0.000000
3494,0.002736
3495,0.020366
3496,0.011868
3497,0.000000
3498,0.000000
3499,0.005557
3500,0.005873
3501,0.022982
3502,0.039528
3503,0.021938
3504,0.033806
3505,0.051268
3506,0.065953
3507,0.064430
3508,0.059401
3509,0.062359
3510,0.063858
3511,0.068179
3512,0.036260
3513,0.063218
3514,0.048282
3515,0.058033
3516,0.051191
3517,0.038291
3518,0.028796
3519,0.032828
3520,0.125111
3521,0.099630
3522,0.060627
3523,0.067497
3524,0.077339
3525,0.110342
3526,0.111444
3527,0.135574
3528,0.266134
3529,0.231536
3530,0.304809
3531,0.323460
3532,0.311388
3533,0.319158
3534,0.307998
3535,0.385969
3536,0.377749
3537,0.383873
3538,0.393166
3539,0.396821
3540,0.384572
3541,0.378044
3542,0.401885
3543,0.439764
3544,0.467541
3545,0.447493
3546,0.456458
3547,0.458292
3548,0.431393
3549,0.426456
3550,0.441719
3551,0.470483
3552,0.467676
3553,0.510241
3554,0.503302
3555,0.466561
3556,0.469474
3557,0.468354
3558,0.450190
3559,0.425783
3560,0.359024
3561,0.396047
3562,0.405599
3563,0.405303
3564,0.430755
3565,0.411674
3566,0.403975
3567,0.403555
3568,0.400698
3569,0.408741
3570,0.404013
3571,0.373526
3572,0.393511
3573,0.374274
3574,0.352547
3575,0.320447
3576,0.279768
3577,0.209378
3578,0.115892
3579,0.298713
3580,0.241436
3581,0.231061
3582,0.205392
3583,0.212047
3584,0.193002
3585,0.183273
3586,0.175901
3587,0.154109
3588,0.139207
3589,0.120791
3590,0.113670
3591,0.085787
3592,0.045388
3593,0.090578
3594,0.040691
3595,0.029627
3596,0.016040
3597,0.002493
3598,0.000000
3599,0.000000
3600,0.000000
3601,0.000000
3602,0.000000
3603,0.000000
3604,0.000000
3605,0.000000
3606,0.000000
3607,0.000000
3608,0.000000
3609,0.011363
3610,0.011644
3611,0.022587
3612,0.038978
3613,0.000000
3614,0.000000
3615,0.016516
3616,0.010460
3617,0.009947
3618,0.000000
3619,0.000000
3620,0.000000
3621,0.000000
3622,0.000000
3623,0.000000
3624,0.000000
3625,0.000000
3626,0.000000
3627,0.000000
3628,0.000000
3629,0.000000
3630,0.000000
3631,0.000000
3632,0.000000
3633,0.000000
3634,0.000000
3635,0.000000
3636,0.000000
3637,0.000000
3638,0.000000
3639,0.000000
3640,0.000000
3641,0.000000
3642,0.000000
3643,0.000000
3644,0.000000
3645,0.000000
3646,0.000000
3647,0.000000
3648,0.000000
3649,0.000000
3650,0.000000
3651,0.000000
3652,0.000000
3653,0.035058
3654,0.022359
3655,0.024363
3656,0.018163
3657,0.008040
3658,0.000000
3659,0.030533
3660,0.074197
3661,0.103576
3662,0.084948
3663,0.076702
3664,0.092211
3665,0.095863
3666,0.129698
3667,0.141637
3668,0.159352
3669,0.153284
3670,0.155467
3671,0.164135
3672,0.190998
3673,0.230082
3674,0.274345
3675,0.309943
3676,0.336011
3677,0.354690
3678,0.379781
3679,0.383406
3680,0.384137
3681,0.389023
3682,0.400197
3683,0.424286
3684,0.441846
3685,0.450955
3686,0.470605
3687,0.489470
3688,0.503429
3689,0.503717
3690,0.507390
3691,0.490753
3692,0.474985
3693,0.475019
3694,0.482197
3695,0.475502
3696,0.458535
3697,0.448066
3698,0.452963
3699,0.455368
3700,0.442521
3701,0.423925
3702,0.372476
3703,0.377319
3704,0.358946
3705,0.396575
3706,0.423120
3707,0.433771
3708,0.434210
3709,0.452336
3710,0.459910
3711,0.470179
3712,0.457175
3713,0.455176
3714,0.448397
3715,0.467511
3716,0.443601
3717,0.448417
3718,0.466174
3719,0.512124
3720,0.521323
3721,0.517506
3722,0.528661
3723,0.503413
3724,0.481870
3725,0.519111
3726,0.519054
3727,0.490729
3728,0.474918
3729,0.437279
3730,0.425001
3731,0.435864
3732,0.440602
3733,0.455468
3734,0.448472
3735,0.457292
3736,0.374695
3737,0.349098
3738,0.344027
3739,0.329930
3740,0.315104
3741,0.283945
3742,0.261603
3743,0.247979
3744,0.222866
3745,0.231396
3746,0.372282
3747,0.398431
3748,0.209361
3749,0.038392
3750,0.000000
3751,0.000000
3752,0.000000
3753,0.000000
3754,0.054974
3755,0.124418
3756,0.112910
3757,0.104288
3758,0.147675
3759,0.262752
3760,0.305374
3761,0.309653
3762,0.342405
3763,0.388965
3764,0.423065
3765,0.404245
3766,0.414210
3767,0.434767
3768,0.470519
3769,0.463865
3770,0.456009
3771,0.457552
3772,0.502284
3773,0.533468
3774,0.571173
3775,0.585950
3776,0.588337
3777,0.606892
3778,0.613800
3779,0.629666
3780,0.640542
3781,0.628125
3782,0.611198
3783,0.611443
3784,0.620516
3785,0.587717
3786,0.564581
3787,0.540732
3788,0.575576
3789,0.545589
3790,0.532469
3791,0.498725
3792,0.487625
3793,0.482601
3794,0.482798
3795,0.480766
3796,0.464480
3797,0.441732
3798,0.443526
3799,0.480903
3800,0.488505
3801,0.465166
3802,0.458963
3803,0.417035
3804,0.443869
3805,0.362188
3806,0.369443
3807,0.343319
3808,0.368062
3809,0.397559
3810,0.400684
3811,0.380051
3812,0.371689
3813,0.391681
3814,0.391178
3815,0.408342
3816,0.421054
3817,0.453598
3818,0.481817
3819,0.533504
3820,0.552791
3821,0.527199
3822,0.498292
3823,0.497250
3824,0.480443
3825,0.462360
3826,0.432432
3827,0.445733
3828,0.431888
3829,0.402732
3830,0.427019
3831,0.432084
3832,0.444785
3833,0.450697
3834,0.448066
3835,0.456783
3836,0.470359
3837,0.477856
3838,0.467775
3839,0.507076
3840,0.502464
3841,0.520271
3842,0.514242
3843,0.520138
3844,0.514983
3845,0.515205
3846,0.497962
3847,0.506930
3848,0.512742
3849,0.518012
3850,0.500638
3851,0.509400
3852,0.497623
3853,0.587212
3854,0.595212
3855,0.664916
3856,0.661978
3857,0.727242
3858,0.710596
3859,0.686116
3860,0.682668
3861,0.680393
3862,0.668146
3863,0.652564
3864,0.646845
3865,0.653108
3866,0.593504
3867,0.542317
3868,0.523322
3869,0.529773
3870,0.499076
3871,0.507726
3872,0.502318
3873,0.473300
3874,0.472040
3875,0.486077
3876,0.501286
3877,0.495041
3878,0.505065
3879,0.520275
3880,0.516832
3881,0.519801
3882,0.525451
3883,0.511572
3884,0.512769
3885,0.520780
3886,0.520179
3887,0.525412
3888,0.530509
3889,0.528191
3890,0.527255
3891,0.519424
3892,0.504156
3893,0.526692
3894,0.527670
3895,0.526966
3896,0.535020
3897,0.557532
3898,0.536199
3899,0.535036
3900,0.575550
3901,0.557910
3902,0.593076
3903,0.583014
3904,0.582612
3905,0.577733
3906,0.581121
3907,0.598234
3908,0.598917
3909,0.610815
3910,0.623332
3911,0.624810
3912,0.516528
3913,0.541719
3914,0.537294
3915,0.539220
3916,0.559250
3917,0.601541
3918,0.595704
3919,0.587500
3920,0.635916
3921,0.643162
3922,0.667560
3923,0.663515
3924,0.676606
3925,0.673210
3926,0.673391
3927,0.679900
3928,0.664498
3929,0.645833
3930,0.662081
3931,0.671162
3932,0.658654
3933,0.663317
3934,0.646885
3935,0.648998
3936,0.642119
3937,0.637243
3938,0.640017
3939,0.633184
3940,0.633960
3941,0.651120
3942,0.689895
3943,0.690226
3944,0.682440
3945,0.640052
3946,0.625847
3947,0.596525
3948,0.619730
3949,0.602233
3950,0.582871
3951,0.599422
3952,0.588390
3953,0.578147
3954,0.572066
3955,0.577007
3956,0.606971
3957,0.616772
3958,0.615678
3959,0.583666
3960,0.561940
3961,0.568663
3962,0.619709
3963,0.636723
3964,0.646793
3965,0.601549
3966,0.622039
3967,0.629971
3968,0.636756
3969,0.645868
3970,0.629808
3971,0.624191
3972,0.617358
3973,0.620932
3974,0.627271
3975,0.604771
3976,0.591037
3977,0.559608
3978,0.557396
3979,0.568466
3980,0.563292
3981,0.544244
3982,0.593469
3983,0.608873
3984,0.638009
3985,0.613103
3986,0.595463
3987,0.569343
3988,0.573105
3989,0.574086
3990,0.561430
3991,0.541929
3992,0.528934
3993,0.517317
3994,0.522300
3995,0.497615
3996,0.503258
3997,0.525675
3998,0.538924
3999,0.517545
4000,0.469273
4001,0.430896
4002,0.420670
4003,0.419464
4004,0.372669
4005,0.267236
4006,0.192045
4007,0.164824
4008,0.184178
4009,0.111398
4010,0.107224
4011,0.047206
4012,0.024527
4013,0.082454
4014,0.204945
4015,0.226889
4016,0.192768
4017,0.125442
4018,0.199250
4019,0.288377
4020,0.335532
4021,0.304997
4022,0.308877
4023,0.394199
4024,0.478218
4025,0.528029
4026,0.552812
4027,0.582321
4028,0.336058
4029,0.228561
4030,0.224508
4031,0.214044
4032,0.218581
4033,0.205483
4034,0.208290
4035,0.195238
4036,0.202685
4037,0.219790
4038,0.248772
4039,0.256765
4040,0.290255
4041,0.315470
4042,0.344996
4043,0.365682
4044,0.369282
4045,0.378743
4046,0.388714
4047,0.395672
4048,0.390311
4049,0.381315
4050,0.359594
4051,0.315197
4052,0.303159
4053,0.302280
4054,0.310635
4055,0.309690
4056,0.311177
4057,0.316857
4058,0.327124
4059,0.333952
4060,0.335257
4061,0.334889
4062,0.327696
4063,0.330173
4064,0.337187
4065,0.329066
4066,0.319648
4067,0.312921
4068,0.292277
4069,0.314683
4070,0.321821
4071,0.310128
4072,0.301812
4073,0.301183
4074,0.304023
4075,0.278698
4076,0.276562
4077,0.266962
4078,0.506755
4079,0.604234
4080,0.597215
4081,0.576947
4082,0.600492
4083,0.621716
4084,0.606425
4085,0.590382
4086,0.604962
4087,0.643895
4088,0.640458
4089,0.640063
4090,0.654310
4091,0.653578
4092,0.654589
4093,0.659662
4094,0.720373
4095,0.688218
4096,0.687053
4097,0.658348
4098,0.618318
4099,0.623132
4100,0.634570
4101,0.687187
4102,0.698898
4103,0.725139
4104,0.744642
4105,0.761427
4106,0.786829
4107,0.787347
4108,0.807713
4109,0.797057
4110,0.796021
4111,0.769499
4112,0.779372
4113,0.807946
4114,0.801283
4115,0.811826
4116,0.788640
4117,0.739913
4118,0.771002
4119,0.777166
4120,0.767216
4121,0.769024
4122,0.779003
4123,0.768393
4124,0.759998
4125,0.760737
4126,0.785132
4127,0.766349
4128,0.743078
4129,0.743189
4130,0.754718
4131,0.728025
4132,0.716307
4133,0.705091
4134,0.697401
4135,0.706694
4136,0.734233
4137,0.720181
4138,0.697474
4139,0.702519
4140,0.707987
4141,0.664972
4142,0.668531
4143,0.659871
4144,0.639173
4145,0.647169
4146,0.653350
4147,0.662474
4148,0.676160
4149,0.650208
4150,0.640921
4151,0.636577
4152,0.651982
4153,0.661814
4154,0.618891
4155,0.611081
4156,0.633718
4157,0.638879
4158,0.656021
4159,0.647504
4160,0.649400
4161,0.676134
4162,0.675943
4163,0.656389
4164,0.633427
4165,0.622513
4166,0.644099
4167,0.616220
4168,0.603374
4169,0.585841
4170,0.603003
4171,0.617964
4172,0.645704
4173,0.667847
4174,0.678977
4175,0.694976
4176,0.672615
4177,0.681086
4178,0.693242
4179,0.695159
4180,0.701905
4181,0.709217
4182,0.689604
4183,0.686467
4184,0.699122
4185,0.688799
4186,0.678017
4187,0.678154
4188,0.685494
4189,0.677324
4190,0.681363
4191,0.716018
4192,0.730184
4193,0.748456
4194,0.660742
4195,0.659595
4196,0.657332
4197,0.657222
4198,0.646038
4199,0.665051
4200,0.679090
4201,0.678299
4202,0.653441
4203,0.648656
4204,0.638246
4205,0.649093
4206,0.597344
4207,0.613743
4208,0.552718
4209,0.543744
4210,0.558422
4211,0.555033
4212,0.551185
4213,0.561203
4214,0.582089
4215,0.608085
4216,0.617627
4217,0.671271
4218,0.699634
4219,0.694314
4220,0.700781
4221,0.679817
4222,0.671460
4223,0.678709
4224,0.684561
4225,0.697426
4226,0.700068
4227,0.716482
4228,0.726629
4229,0.729784
4230,0.733296
4231,0.744667
4232,0.813684
4233,0.815004
4234,0.781186
4235,0.783775
4236,0.818091
4237,0.787664
4238,0.756874
4239,0.745013
4240,0.742462
4241,0.733208
4242,0.742699
4243,0.729852
4244,0.749339
4245,0.750307
4246,0.754713
4247,0.754381
4248,0.745977
4249,0.744273
4250,0.742407
4251,0.747248
4252,0.743529
4253,0.740325
4254,0.761630
4255,0.745773
4256,0.703380
4257,0.679158
4258,0.758859
4259,0.758765
4260,0.704177
4261,0.712365
4262,0.698070
4263,0.712637
4264,0.690343
4265,0.656155
4266,0.665489
4267,0.644028
4268,0.655153
4269,0.663383
4270,0.668474
4271,0.651411
4272,0.681856
4273,0.693311
4274,0.617605
4275,0.589572
4276,0.579443
4277,0.598286
4278,0.603482
4279,0.594907
4280,0.600408
4281,0.605149
4282,0.632130
4283,0.619855
4284,0.622866
4285,0.636600
4286,0.633300
4287,0.639655
4288,0.641906
4289,0.655320
4290,0.662235
4291,0.671486
4292,0.658146
4293,0.658768
4294,0.644080
4295,0.659098
4296,0.658452
4297,0.623260
4298,0.614906
4299,0.634412
4300,0.647573
4301,0.641214
4302,0.605606
4303,0.607155
4304,0.605397
4305,0.618133
4306,0.613888
4307,0.602084
4308,0.583632
4309,0.593313
4310,0.589837
4311,0.572092
4312,0.563312
4313,0.560595
4314,0.598250
4315,0.626935
4316,0.637063
4317,0.627259
4318,0.637982
4319,0.629763
4320,0.633216
4321,0.625405
4322,0.617702
4323,0.594888
4324,0.698579
4325,0.684200
4326,0.669189
4327,0.669186
4328,0.680901
4329,0.690018
4330,0.694849
4331,0.680457
4332,0.653621
4333,0.691546
4334,0.678276
4335,0.681131
4336,0.680540
4337,0.680548
4338,0.685005
4339,0.686411
4340,0.682188
4341,0.668153
4342,0.698147
4343,0.706164
4344,0.702855
4345,0.688187
4346,0.688375
4347,0.717543
4348,0.727305
4349,0.706631
4350,0.699508
4351,0.735464
4352,0.808491
4353,0.751047
4354,0.705179
4355,0.606587
4356,0.611136
4357,0.638374
4358,0.662471
4359,0.661781
4360,0.673827
4361,0.685791
4362,0.702677
4363,0.674951
4364,0.659316
4365,0.646674
4366,0.646283
4367,0.659323
4368,0.638813
4369,0.631658
4370,0.641349
4371,0.642406
4372,0.646745
4373,0.642575
4374,0.621016
4375,0.621051
4376,0.643627
4377,0.621300
4378,0.614822
4379,0.618662
4380,0.590118
4381,0.605525
4382,0.592535
4383,0.564642
4384,0.561232
4385,0.577057
4386,0.597647
4387,0.591039
4388,0.566862
4389,0.596940
4390,0.607699
4391,0.596868
4392,0.585007
4393,0.593879
4394,0.608295
4395,0.600107
4396,0.585072
4397,0.596611
4398,0.569323
4399,0.561592
4400,0.554300
4401,0.536213
4402,0.509786
4403,0.557506
4404,0.577665
4405,0.663764
4406,0.678120
4407,0.666743
4408,0.667887
4409,0.691565
4410,0.671485
4411,0.661461
4412,0.639848
4413,0.577392
4414,0.579910
4415,0.570949
4416,0.553093
4417,0.533270
4418,0.531990
4419,0.552916
4420,0.575161
4421,0.546955
4422,0.540446
4423,0.541640
4424,0.527968
4425,0.540397
4426,0.566522
4427,0.549079
4428,0.548027
4429,0.532661
4430,0.556512
4431,0.545079
4432,0.551995
4433,0.579969
4434,0.599770
4435,0.606538
4436,0.591434
4437,0.586744
4438,0.594955
4439,0.589636
4440,0.520916
4441,0.502580
4442,0.507792
4443,0.514586
4444,0.515941
4445,0.504046
4446,0.493568
4447,0.504171
4448,0.531688
4449,0.518054
4450,0.475923
4451,0.507117
4452,0.527617
4453,0.551844
4454,0.452270
4455,0.426225
4456,0.428545
4457,0.447736
4458,0.462447
4459,0.439978
4460,0.414140
4461,0.415669
4462,0.408165
4463,0.443866
4464,0.432908
4465,0.331456
4466,0.334586
4467,0.335753
4468,0.328746
4469,0.327496
4470,0.320549
4471,0.330704
4472,0.341927
4473,0.350382
4474,0.344015
4475,0.346456
4476,0.321242
4477,0.323361
4478,0.337196
4479,0.320601
4480,0.307289
4481,0.242761
4482,0.249272
4483,0.045064
4484,0.079346
4485,0.073191
4486,0.082048
4487,0.110289
4488,0.154993
4489,0.196751
4490,0.245776
4491,0.247755
4492,0.278770
4493,0.310468
4494,0.264368
4495,0.244174
4496,0.240255
4497,0.226771
4498,0.272605
4499,0.278652
4500,0.295909
4501,0.311762
4502,0.301654
4503,0.302956
4504,0.330608
4505,0.310155
4506,0.304210
4507,0.312269
4508,0.305912
4509,0.308753
4510,0.298705
4511,0.289179
4512,0.276734
4513,0.270326
4514,0.248396
4515,0.220777
4516,0.222118
4517,0.229804
4518,0.242424
4519,0.237922
4520,0.238957
4521,0.237910
4522,0.226910
4523,0.222258
4524,0.210621
4525,0.181287
4526,0.179977
4527,0.180338
4528,0.167578
4529,0.128774
4530,0.097210
4531,0.134607
4532,0.141923
4533,0.143556
4534,0.080096
4535,0.066586
4536,0.072107
4537,0.064600
4538,0.054050
4539,0.054492
4540,0.043991
4541,0.067411
4542,0.056006
4543,0.039897
4544,0.234434
4545,0.279394
4546,0.313286
4547,0.562952
4548,0.588977
4549,0.580383
4550,0.612819
4551,0.587605
4552,0.568510
4553,0.576495
4554,0.598354
4555,0.584172
4556,0.589445
4557,0.594610
4558,0.619007
4559,0.627162
4560,0.627277
4561,0.600614
4562,0.608354
4563,0.605768
4564,0.619166
4565,0.675855
4566,0.663202
4567,0.681108
4568,0.691377
4569,0.735099
4570,0.735166
4571,0.731170
4572,0.742628
4573,0.740675
4574,0.733735
4575,0.721120
4576,0.723229
4577,0.733073
4578,0.731766
4579,0.721138
4580,0.680835
4581,0.668137
4582,0.656393
4583,0.647532
4584,0.636072
4585,0.647361
4586,0.667198
4587,0.664487
4588,0.664347
4589,0.665099
4590,0.683798
4591,0.675416
4592,0.681203
4593,0.676125
4594,0.628036
4595,0.604730
4596,0.152894
4597,0.185163
4598,0.147304
4599,0.005659
4600,0.070099
4601,0.083434
4602,0.090048
4603,0.137754
4604,0.184766
4605,0.218511
4606,0.191246
4607,0.153637
4608,0.153730
4609,0.163751
4610,0.152629
4611,0.142427
4612,0.156256
4613,0.171697
4614,0.179158
4615,0.172254
4616,0.182299
4617,0.189092
4618,0.174778
4619,0.194136
4620,0.233136
4621,0.232127
4622,0.248601
4623,0.274930
4624,0.301794
4625,0.335507
4626,0.360118
4627,0.391397
4628,0.393658
4629,0.426163
4630,0.491268
4631,0.491879
4632,0.516501
4633,0.520956
4634,0.539280
4635,0.557987
4636,0.552882
4637,0.593043
4638,0.610478
4639,0.634710
4640,0.663803
4641,0.647228
4642,0.581860
4643,0.551980
4644,0.986935
4645,0.880457
4646,0.876931
4647,0.868123
4648,0.855968
4649,0.858202
4650,0.855382
4651,0.759871
4652,0.755415
4653,0.765214
4654,0.780177
4655,0.784878
4656,0.796003
4657,0.787341
4658,0.777119
4659,0.784374
4660,0.772548
4661,0.746829
4662,0.747994
4663,0.744921
4664,0.756213
4665,0.741958
4666,0.742218
4667,0.741383
4668,0.716721
4669,0.708733
4670,0.637736
4671,0.661517
4672,0.636145
4673,0.569073
4674,0.603749
4675,0.600654
4676,0.612825
4677,0.617896
4678,0.605101
4679,0.614585
4680,0.686840
4681,0.818679
4682,0.818887
4683,0.814233
4684,0.804809
4685,0.827764
4686,0.908732
4687,0.866291
4688,0.916477
4689,0.954886
4690,0.789682
4691,0.764499
4692,0.809137
4693,0.827329
4694,0.846767
4695,0.849024
4696,0.851438
4697,0.874844
4698,0.862425
4699,0.797473
4700,0.801204
4701,0.799659
4702,0.787577
4703,0.806695
4704,0.772755
4705,0.766661
4706,0.766906
4707,0.765463
4708,0.760342
4709,0.688118
4710,0.674344
4711,0.682811
4712,0.670771
4713,0.653806
4714,0.643308
4715,0.613752
4716,0.593198
4717,0.611788
4718,0.635793
4719,0.635770
4720,0.618450
4721,0.607052
4722,0.614630
4723,0.613841
4724,0.600946
4725,0.567555
4726,0.578752
4727,0.590391
4728,0.633062
4729,0.662256
4730,0.704975
4731,0.612873
4732,0.591740
4733,0.580197
4734,0.571762
4735,0.563053
4736,0.565413
4737,0.590990
4738,0.609559
4739,0.619078
4740,0.630395
4741,0.670036
4742,0.695608
4743,0.691946
4744,0.694685
4745,0.706013
4746,0.653444
4747,0.707608
4748,0.744888
4749,0.748852
4750,0.777713
4751,0.800363
4752,0.806198
4753,0.798446
4754,0.800802
4755,0.821024
4756,0.840516
4757,0.845707
4758,0.843291
4759,0.940873
4760,0.966328
4761,0.991859
4762,1.000000
4763,1.000000
4764,1.000000
4765,1.000000
4766,1.000000
4767,1.000000
4768,1.000000
4769,1.000000
4770,1.000000
4771,1.000000
4772,1.000000
4773,1.000000
4774,1.000000
4775,1.000000
4776,1.000000
4777,1.000000
4778,1.000000
4779,1.000000
4780,1.000000
4781,1.000000
4782,1.000000
4783,1.000000
4784,1.000000
4785,1.000000
4786,1.000000
4787,1.000000
4788,1.000000
4789,1.000000
4790,1.000000
4791,0.934615
4792,0.948621
4793,0.939182
4794,0.888148
4795,0.881539
4796,0.899074
4797,0.909527
4798,0.901828
4799,0.903073
4800,0.916395
4801,0.905543
4802,0.908256
4803,0.906266
4804,0.899686
4805,0.902373
4806,0.915962
4807,0.906262
4808,0.920654
4809,0.924145
4810,0.925443
4811,0.928647
4812,0.930990
4813,0.916326
4814,0.894505
4815,0.886841
4816,0.890848
4817,0.886175
4818,0.876582
4819,0.861028
4820,0.846991
4821,0.860477
4822,0.847879
4823,0.802616
4824,0.789332
4825,0.796228
4826,0.802539
4827,0.806774
4828,0.803910
4829,0.792927
4830,0.799159
4831,0.823456
4832,0.799640
4833,0.770622
4834,0.742553
4835,0.755666
4836,0.795136
4837,0.772197
4838,0.757539
4839,0.824874
4840,0.783991
4841,1.000000
4842,1.000000
4843,1.000000
4844,1.000000
4845,1.000000
4846,1.000000
4847,1.000000
4848,1.000000
4849,1.000000
4850,1.000000
4851,1.000000
4852,1.000000
4853,1.000000
4854,1.000000
4855,1.000000
4856,1.000000
4857,1.000000
4858,1.000000
4859,1.000000
4860,1.000000
4861,1.000000
4862,1.000000
4863,1.000000
4864,1.000000
4865,1.000000
4866,1.000000
4867,1.000000
4868,1.000000
4869,1.000000
4870,1.000000
4871,1.000000
4872,1.000000
4873,1.000000
4874,1.000000
4875,1.000000
4876,1.000000
4877,1.000000
4878,1.000000
4879,1.000000
4880,1.000000
4881,1.000000
4882,1.000000
4883,1.000000
4884,1.000000
4885,1.000000
4886,1.000000
4887,1.000000
4888,1.000000
4889,1.000000
4890,1.000000
4891,1.000000
4892,1.000000
4893,1.000000
4894,1.000000
4895,0.937487
4896,0.921001
4897,0.916681
4898,0.964196
4899,0.976837
4900,0.989516
4901,0.990233
4902,0.982751
4903,0.987159
4904,1.000000
4905,0.984784
4906,0.976957
4907,0.974647
4908,0.968875
4909,0.975763
4910,0.977432
4911,0.979940
4912,0.973030
4913,0.987670
4914,0.989303
4915,0.964108
4916,0.966397
4917,0.969570
4918,0.957038
4919,0.962122
4920,0.962783
4921,0.953471
4922,0.935392
4923,0.943715
4924,0.957804
4925,0.970609
4926,0.975994
4927,0.989659
4928,0.964556
4929,0.965260
4930,0.972980
4931,0.964768
4932,0.958795
4933,0.952595
4934,0.937187
4935,0.950402
4936,0.966326
4937,0.973940
4938,0.978264
4939,0.969067
4940,0.966697
4941,0.976342
4942,0.962364
4943,0.964814
4944,0.953388
4945,0.907563
4946,0.886764
4947,0.889773
4948,0.918556
4949,0.904073
4950,0.906899
4951,0.890582
4952,0.894491
4953,0.846729
4954,0.848256
4955,0.834164
4956,0.834139
4957,0.816667
4958,0.815464
4959,0.846143
4960,0.824224
4961,0.823513
4962,0.814106
4963,0.802324
4964,0.800877
4965,0.802680
4966,0.818392
4967,0.819250
4968,0.836675
4969,0.838278
4970,0.843339
4971,0.858907
4972,0.870847
4973,0.880844
4974,0.891902
4975,0.929564
4976,0.929717
4977,0.980628
4978,0.997349
4979,0.994579
4980,0.956801
4981,0.962205
4982,0.956356
4983,0.949170
4984,0.941941
4985,0.969715
4986,0.980339
4987,0.958212
4988,0.949810
4989,0.972784
4990,0.983621
4991,0.990778
4992,0.968512
4993,0.977666
4994,0.949902
4995,0.945047
4996,0.927305
4997,0.926629
4998,0.918995
4999,0.918377
5000,0.915267
5001,0.928599
5002,0.938377
5003,0.950866
5004,0.961163
5005,0.965262
5006,0.970838
5007,0.971869
5008,0.997501
5009,0.992290
5010,0.999673
5011,0.986592
5012,0.984900
5013,1.000000
5014,1.000000
5015,1.000000
5016,1.000000
5017,1.000000
5018,1.000000
5019,1.000000
5020,1.000000
5021,1.000000
5022,1.000000
5023,1.000000
5024,1.000000
5025,1.000000
5026,1.000000
5027,0.955871
5028,0.962063
5029,0.962129
5030,1.000000
5031,0.990723
5032,1.000000
5033,1.000000
5034,1.000000
5035,0.986185
5036,1.000000
5037,1.000000
5038,1.000000
5039,0.970486
5040,0.958085
5041,0.974485
5042,0.971934
5043,0.978055
5044,0.996572
5045,1.000000
5046,1.000000
5047,1.000000
5048,1.000000
5049,1.000000
5050,1.000000
5051,1.000000
5052,1.000000
5053,1.000000
5054,1.000000
5055,1.000000
5056,1.000000
5057,1.000000
5058,1.000000
5059,1.000000
5060,0.978767
5061,1.000000
5062,1.000000
5063,1.000000
5064,0.995509
5065,0.990097
5066,0.999104
5067,0.981343
5068,0.978332
5069,0.982909
5070,0.968659
5071,0.950132
5072,0.950218
5073,0.919736
5074,0.902704
5075,0.873029
5076,0.852591
5077,0.833314
5078,0.835139
5079,0.868361
5080,0.804903
5081,0.790352
5082,0.750008
5083,0.791686
5084,0.804072
5085,0.798063
5086,0.779517
5087,0.795689
5088,0.791567
5089,0.779127
5090,0.752352
5091,0.757652
5092,0.775792
5093,0.783640
5094,0.740813
5095,0.701160
5096,0.716614
5097,0.721181
5098,0.758878
5099,0.763509
5100,0.750701
5101,0.760662
5102,0.784108
5103,0.717101
5104,0.706624
5105,0.715976
5106,0.734144
5107,0.739179
5108,0.699311
5109,0.694977
5110,0.714209
5111,0.741231
5112,0.775344
5113,0.734475
5114,0.706901
5115,0.709622
5116,0.751989
5117,0.761130
5118,0.713491
5119,0.708599
5120,0.761312
5121,0.810046
5122,0.851070
5123,0.847071
5124,0.863685
5125,0.877982
5126,0.877480
5127,0.890371
5128,0.892259
5129,0.900875
5130,0.887630
5131,0.875755
5132,0.860194
5133,0.849415
5134,0.827086
5135,0.800242
5136,0.790047
5137,0.753973
5138,0.763596
5139,0.757896
5140,0.788735
5141,0.767568
5142,0.736227
5143,0.706901
5144,0.687573
5145,0.689201
5146,0.658035
5147,0.637077
5148,0.592269
5149,0.486546
5150,0.474497
5151,0.430519
5152,0.395387
5153,0.379057
5154,0.422859
5155,0.455696
5156,0.452355
5157,0.451179
5158,0.519537
5159,0.563102
5160,0.650635
5161,0.642762
5162,0.614465
5163,0.631885
5164,0.677144
5165,0.704987
5166,0.662754
5167,0.684316
5168,0.724594
5169,0.783462
5170,0.834037
5171,0.758066
5172,0.690374
5173,0.738053
5174,0.801560
5175,0.756190
5176,0.404740
5177,0.458697
5178,0.482339
5179,0.508313
5180,0.496329
5181,0.504776
5182,0.523878
5183,0.556280
5184,0.573558
5185,0.571953
5186,0.581426
5187,0.599695
5188,0.619606
5189,0.632178
5190,0.639779
5191,0.647312
5192,0.671298
5193,0.714927
5194,0.729251
5195,0.735772
5196,0.741851
5197,0.752340
5198,0.751000
5199,0.754111
5200,0.751956
5201,0.754229
5202,0.738139
5203,0.732388
5204,0.740153
5205,0.745611
5206,0.726110
5207,0.719335
5208,0.696390
5209,0.701039
5210,0.674100
5211,0.659311
5212,0.651915
5213,0.653199
5214,0.672077
5215,0.679688
5216,0.673504
5217,0.663711
5218,0.657264
5219,0.650716
5220,0.619109
5221,0.548141
5222,0.466847
5223,0.433301
5224,0.312663
5225,0.142368
5226,0.587118
5227,0.864298
5228,0.850849
5229,0.851839
5230,0.845946
5231,0.843485
5232,0.842932
5233,0.857116
5234,0.896342
5235,0.886285
5236,0.888877
5237,0.886815
5238,0.888702
5239,0.885389
5240,0.882854
5241,0.856649
5242,0.874549
5243,0.894463
5244,0.895836
5245,0.891484
5246,0.885274
5247,0.914827
5248,0.894122
5249,0.873517
5250,0.870856
5251,0.873873
5252,0.877989
5253,0.875272
5254,0.869796
5255,0.866477
5256,0.865694
5257,0.922954
5258,0.918827
5259,0.913627
5260,0.881267
5261,0.808613
5262,0.806425
5263,0.811965
5264,0.805468
5265,0.820502
5266,0.842583
5267,0.836080
5268,0.813568
5269,0.803944
5270,0.804695
5271,0.795461
5272,0.812616
5273,0.826067
5274,0.818756
5275,0.834828
5276,0.842565
5277,0.838717
5278,0.841855
5279,0.835043
5280,0.844155
5281,0.836362
5282,0.832217
5283,0.817402
5284,0.793456
5285,0.810496
5286,0.810295
5287,0.796865
5288,0.809355
5289,0.814576
5290,0.806721
5291,0.807202
5292,0.796920
5293,0.790016
5294,0.797140
5295,0.786957
5296,0.781102
5297,0.818847
5298,0.811649
5299,0.826654
5300,0.814067
5301,0.819751
5302,0.819336
5303,0.835834
5304,0.862806
5305,0.848465
5306,0.883148
5307,0.884796
5308,0.883873
5309,0.882230
5310,0.889199
5311,0.900003
5312,0.895917
5313,0.884591
5314,0.839192
5315,0.843184
5316,0.856219
5317,0.861152
5318,0.848174
5319,0.837294
5320,0.859688
5321,0.875568
5322,0.859045
5323,0.842077
5324,0.847316
5325,0.830791
5326,0.835941
5327,0.825369
5328,0.842064
5329,0.852323
5330,0.885837
5331,0.886035
5332,0.884583
5333,0.912924
5334,0.928182
5335,0.925182
5336,0.909238
5337,0.895716
5338,0.884741
5339,0.950500
5340,0.954259
5341,0.958855
5342,0.963195
5343,0.983685
5344,0.986749
5345,0.996473
5346,1.000000
5347,0.981119
5348,1.000000
5349,0.990438
5350,0.986967
5351,0.972359
5352,0.976566
5353,0.976068
5354,0.911419
5355,0.906874
5356,0.890820
5357,0.887431
5358,0.876725
5359,0.878312
5360,0.873424
5361,0.964255
5362,0.966058
5363,0.967538
5364,0.963370
5365,0.955636
5366,0.990417
5367,0.992126
5368,1.000000
5369,1.000000
5370,1.000000
5371,1.000000
5372,1.000000
5373,1.000000
5374,1.000000
5375,1.000000
5376,1.000000
5377,1.000000
5378,1.000000
5379,1.000000
5380,1.000000
5381,1.000000
5382,1.000000
5383,1.000000
5384,1.000000
5385,1.000000
5386,1.000000
5387,1.000000
5388,1.000000
5389,0.957080
5390,0.975313
5391,0.993176
5392,0.991231
5393,0.986488
5394,0.980626
5395,0.974791
5396,1.000000
5397,1.000000
5398,1.000000
5399,0.984546
5400,0.997756
5401,1.000000
5402,1.000000
5403,1.000000
5404,1.000000
5405,1.000000
5406,1.000000
5407,1.000000
5408,1.000000
5409,1.000000
5410,1.000000
5411,1.000000
5412,1.000000
5413,1.000000
5414,1.000000
5415,1.000000
5416,1.000000
5417,1.000000
5418,1.000000
5419,1.000000
5420,1.000000
5421,1.000000
5422,1.000000
5423,1.000000
5424,1.000000
5425,1.000000
5426,1.000000
5427,1.000000
5428,0.993185
5429,0.987659
5430,0.986340
5431,0.991264
5432,0.994362
5433,0.990329
5434,0.973806
5435,0.972969
5436,0.977562
5437,0.934647
5438,0.906532
5439,0.907858
5440,0.911377
5441,0.908621
5442,0.899843
5443,0.838027
5444,0.772557
5445,0.769523
5446,0.713650
5447,0.724225
5448,0.778151
5449,0.781759
5450,0.833768
5451,0.891983
5452,0.905906
5453,0.888713
5454,0.878551
5455,0.884624
5456,0.897831
5457,0.880427
5458,0.851945
5459,0.825375
5460,0.846223
5461,0.820144
5462,0.812268
5463,0.734242
5464,0.734634
5465,0.741708
5466,0.751002
5467,0.744057
5468,0.738920
5469,0.776868
5470,0.788730
5471,0.783403
5472,0.793140
5473,0.783515
5474,0.799625
5475,0.793274
5476,0.804979
5477,0.816522
5478,0.808976
5479,0.763252
5480,0.766279
5481,0.786854
5482,0.798178
5483,0.746428
5484,0.754419
5485,0.808907
5486,0.797772
5487,0.827110
5488,0.853007
5489,0.852075
5490,0.884423
5491,0.901590
5492,0.916805
5493,0.921501
5494,0.948128
5495,0.966080
5496,0.966491
5497,0.958040
5498,0.880226
5499,0.904349
5500,0.883497
5501,0.959848
5502,0.947661
5503,1.000000
5504,0.999610
5505,1.000000
5506,1.000000
5507,1.000000
5508,1.000000
5509,1.000000
5510,1.000000
5511,1.000000
5512,1.000000
5513,1.000000
5514,1.000000
5515,1.000000
5516,1.000000
5517,1.000000
5518,1.000000
5519,1.000000
5520,1.000000
5521,1.000000
5522,1.000000
5523,1.000000
5524,1.000000
5525,1.000000
5526,1.000000
5527,1.000000
5528,1.000000
5529,1.000000
5530,1.000000
5531,1.000000
5532,1.000000
5533,1.000000
5534,1.000000
5535,1.000000
5536,1.000000
5537,1.000000
5538,1.000000
5539,1.000000
5540,1.000000
5541,1.000000
5542,1.000000
5543,1.000000
5544,1.000000
5545,1.000000
5546,1.000000
5547,1.000000
5548,1.000000
5549,1.000000
5550,1.000000
5551,1.000000
5552,0.996814
5553,0.974892
5554,0.955402
5555,1.000000
5556,0.943480
5557,0.951146
5558,0.962453
5559,0.958636
5560,0.971030
5561,0.949448
5562,0.945872
5563,0.946153
5564,0.916767
5565,0.909237
5566,0.860881
5567,0.814070
5568,0.783035
5569,0.750609
5570,0.728033
5571,0.704250
5572,0.665964
5573,0.638764
5574,0.685445
5575,0.685818
5576,0.670915
5577,0.699568
5578,0.718585
5579,0.707558
5580,0.677302
5581,0.681335
5582,0.686106
5583,0.681084
5584,0.702521
5585,0.701800
5586,0.697611
5587,0.722694
5588,0.747257
5589,0.797251
5590,0.816837
5591,0.849390
5592,0.841048
5593,0.850949
5594,0.850324
5595,0.822220
5596,0.807142
5597,0.784825
5598,0.829997
5599,0.834246
5600,0.822919
5601,0.798416
5602,0.765794
5603,0.740737
5604,0.690396
5605,0.641231
5606,0.787552
5607,0.671960
5608,0.683102
5609,0.677597
5610,0.681009
5611,0.678113
5612,0.678314
5613,0.685691
5614,0.686274
5615,0.730251
5616,0.793968
5617,0.809737
5618,0.843798
5619,0.873297
5620,0.899144
5621,0.912182
5622,0.900908
5623,0.944495
5624,0.980534
5625,1.000000
5626,1.000000
5627,1.000000
5628,1.000000
5629,1.000000
5630,1.000000
5631,1.000000
5632,1.000000
5633,1.000000
5634,1.000000
5635,0.904416
5636,0.902085
5637,0.909388
5638,0.906575
5639,0.888584
5640,0.905127
5641,0.594944
5642,0.549614
5643,0.544827
5644,0.557338
5645,0.549978
5646,0.560240
5647,0.565962
5648,0.558242
5649,0.549152
5650,0.566010
5651,0.557456
5652,0.547192
5653,0.542597
5654,0.557535
5655,0.573449
5656,0.562822
5657,0.540927
5658,0.543714
5659,0.627670
5660,0.634260
5661,0.625717
5662,0.612155
5663,0.596133
5664,0.608711
5665,0.617027
5666,0.670328
5667,0.644938
5668,0.635726
5669,0.645578
5670,0.643140
5671,0.644414
5672,0.654616
5673,0.657157
5674,0.634026
5675,0.649441
5676,0.640914
5677,0.629324
5678,0.646598
5679,0.651767
5680,0.653963
5681,0.638220
5682,0.643134
5683,0.655068
5684,0.659082
5685,0.646249
5686,0.576405
5687,0.591093
5688,0.602384
5689,0.616322
5690,0.604912
5691,0.788762
5692,0.877666
5693,0.884630
5694,0.871316
5695,0.962111
5696,0.968624
5697,0.988091
5698,1.000000
5699,1.000000
5700,1.000000
5701,1.000000
5702,1.000000
5703,1.000000
5704,1.000000
5705,1.000000
5706,1.000000
5707,1.000000
5708,1.000000
5709,1.000000
5710,1.000000
5711,1.000000
5712,1.000000
5713,1.000000
5714,0.972620
5715,0.944244
5716,0.931778
5717,0.981365
5718,0.962172
5719,1.000000
5720,1.000000
5721,1.000000
5722,1.000000
5723,1.000000
5724,0.987010
5725,1.000000
5726,1.000000
5727,1.000000
5728,1.000000
5729,1.000000
5730,0.999972
5731,0.931172
5732,0.796200
5733,0.764472
5734,0.758850
5735,0.725861
5736,0.728892
5737,0.803099
5738,0.798324
5739,0.834002
5740,0.870314
5741,0.879441
5742,0.885761
5743,0.881811
5744,0.862983
5745,0.864822
5746,0.861266
5747,0.863392
5748,0.861574
5749,0.860963
5750,0.853704
5751,0.789740
5752,0.820262
5753,0.849112
5754,0.827980
5755,0.851481
5756,0.852733
5757,0.841918
5758,0.853132
5759,0.888744
5760,0.901967
5761,0.914304
5762,0.906871
5763,0.927051
5764,0.948624
5765,0.960011
5766,0.951064
5767,0.941095
5768,0.967665
5769,0.986319
5770,0.983619
5771,0.982093
5772,0.971527
5773,0.973636
5774,0.936134
5775,0.949210
5776,0.936312
5777,0.944776
5778,0.951365
5779,1.000000
5780,1.000000
5781,1.000000
5782,0.982557
5783,0.985877
5784,1.000000
5785,1.000000
5786,1.000000
5787,1.000000
5788,0.857083
5789,0.920651
5790,0.924029
5791,0.967963
5792,0.979425
5793,0.997891
5794,1.000000
5795,1.000000
5796,1.000000
5797,1.000000
5798,1.000000
5799,1.000000
5800,1.000000
5801,1.000000
5802,1.000000
5803,0.846904
5804,0.846241
5805,0.794824
5806,0.786795
5807,0.745534
5808,0.711343
5809,0.703920
5810,0.690265
5811,0.689041
5812,0.656110
5813,0.587301
5814,0.548219
5815,0.537058
5816,0.525797
5817,0.498392
5818,0.474971
5819,0.423817
5820,0.420007
5821,0.438585
5822,0.429635
5823,0.401825
5824,0.403479
5825,0.481164
5826,0.473741
5827,0.463153
5828,0.503027
5829,0.467279
5830,0.460683
5831,0.448034
5832,0.440466
5833,0.422874
5834,0.385339
5835,0.369058
5836,0.444284
5837,0.440013
5838,0.426512
5839,0.407098
5840,0.387027
5841,0.366309
5842,0.326212
5843,0.326547
5844,0.297945
5845,0.304752
5846,0.423791
5847,0.391306
5848,0.391434
5849,0.407160
5850,0.498249
5851,0.495211
5852,0.523145
5853,0.498799
5854,0.503058
5855,0.493729
5856,0.490354
5857,0.465781
5858,0.465968
5859,0.482530
5860,0.504195
5861,0.504706
5862,0.490958
5863,0.498934
5864,0.526814
5865,0.524703
5866,0.526133
5867,0.528023
5868,0.533503
5869,0.531353
5870,0.533044
5871,0.525018
5872,0.530445
5873,0.518827
5874,0.507791
5875,0.505317
5876,0.488854
5877,0.467920
5878,0.460150
5879,0.472334
5880,0.479200
5881,0.474942
5882,0.457059
5883,0.470139
5884,0.466360
5885,0.460255
5886,0.470204
5887,0.467408
5888,0.463472
5889,0.481232
5890,0.492546
5891,0.519113
5892,0.508143
5893,0.546607
5894,0.559493
5895,0.546479
5896,0.549683
5897,0.549248
5898,0.528452
5899,0.546714
5900,0.570842
5901,0.570554
5902,0.536816
5903,0.511854
5904,0.516305
5905,0.545515
5906,0.533854
5907,0.529350
5908,0.526054
5909,0.547246
5910,0.552440
5911,0.550995
5912,0.550537
5913,0.565798
5914,0.578954
5915,0.591534
5916,0.592291
5917,0.584855
5918,0.585629
5919,0.611971
5920,0.615067
5921,0.621394
5922,0.574976
5923,0.590543
5924,0.549262
5925,0.536065
5926,0.516575
5927,0.517691
5928,0.520654
5929,0.529078
5930,0.537055
5931,0.519558
5932,0.511484
5933,0.516246
5934,0.514829
5935,0.515883
5936,0.509045
5937,0.512966
5938,0.527314
5939,0.528023
5940,0.533967
5941,0.529137
5942,0.518048
5943,0.517143
5944,0.518689
5945,0.541067
5946,0.524383
5947,0.530662
5948,0.549447
5949,0.554971
5950,0.571910
5951,0.568252
5952,0.594407
5953,0.600685
5954,0.623534
5955,0.615286
5956,0.624812
5957,0.628623
5958,0.626959
5959,0.612938
5960,0.598173
5961,0.590128
5962,0.597591
5963,0.601469
5964,0.601984
5965,0.595433
5966,0.610590
5967,0.618995
5968,0.627537
5969,0.610130
5970,0.605085
5971,0.610893
5972,0.649198
5973,0.633181
5974,0.659947
5975,0.634188
5976,0.660656
5977,0.649183
5978,0.652157
5979,0.673399
5980,0.683663
5981,0.709318
5982,0.706311
5983,0.704504
5984,0.713920
5985,0.718848
5986,0.730510
5987,0.725352
5988,0.714105
5989,0.710083
5990,0.693452
5991,0.684491
5992,0.737157
5993,0.751347
5994,0.751579
5995,0.750433
5996,0.770787
5997,0.809846
5998,0.795115
5999,0.780675
