auc_regime,corr_mae,corr_mse,corr_mse_soft_exception,corr_mse_soft_exception_type,filter_reasons,k,lambda_hash_round6,lambda_oriented_swapped,n_auc,n_corr,n_peak_delay,n_sep,n_smooth_mean,n_smooth_std,n_switch_band,n_switch_margin_gap,n_top10,peak_delay_base_window,peak_delay_lambda,reg1_top10_coverage,score,score_norm_auc,score_norm_corr_mse,score_norm_sep_mean,score_norm_smooth_mean_abs,score_norm_smooth_std,score_norm_top10,sep_mean,sep_median,smooth_mask_count,smooth_mean_abs_diff,smooth_mean_abs_diff_far,smooth_mean_abs_diff_used,smooth_std_diff,smooth_std_diff_far,smooth_std_diff_used,switch_band_correct_rate,switch_margin_gap_signed,switch_margin_post_signed,switch_margin_pre_signed,switch_post_correct_rate,switch_pre_correct_rate,top10_in_reg1,valid_count,valid_ratio,window
0.5377276982121127,0.11792430126751112,0.10453189310716031,False,,smooth_mean_abs_diff;smooth_std_diff,4,1fa3a9d6e44af32bd94d1327ac7b5116e3140c06,False,0.9822034627353372,1.0,0.045454545454545414,1.0,0.448770472241817,0.5230129426060631,0.558364475708947,0.6686896512912147,0.7970385608690259,200,171.0,0.0475,4.410636778662062,0.8442391710678624,0.9740026225493738,0.9699735639157454,0.4137312421359317,0.4828985874976477,0.5190512507626601,0.012930513300583368,0.058339969286537174,5558,0.030519031083496843,0.030130956663239013,0.030130956663239013,0.05634575181669602,0.05624892481828818,0.05624892481828818,0.61,0.09548761032079567,0.09548761032079567,0.09548761032079572,0.62,0.6,0.1912751677852349,5961,nan,40
0.5085070125081677,0.11109131207456967,0.10633410363134498,False,,smooth_mean_abs_diff;smooth_std_diff,5,f847d60f74089806cf8e573a67c2b6319cecf47d,True,0.9056922034074744,1.0,0.045454545454545414,1.0,0.6637368154385618,0.705851430233,0.5363816223345791,0.5456876885837268,1.0,200,171.0,0.09166666666666666,4.399042221237731,0.7827636520200785,0.9812867753465927,0.9603840248666136,0.6417525334602363,0.6836396975353176,1.0,0.00893301480614861,0.005475055272160079,5568,0.04391881845821225,0.04077084549826714,0.04077084549826714,0.07394337055334757,0.06966859793333412,0.06966859793333412,0.5975,0.04904044149247211,0.04904044149247211,0.04904044149247211,0.615,0.58,0.3685092127303183,5971,nan,30
0.5654350369746326,0.12311610429818648,0.10776152289043772,False,,smooth_mean_abs_diff;smooth_std_diff,3,c67bda070f304163ae16158819cbd9737ba63a39,True,1.0,1.0,1.0,0.9984235865490967,0.3887720853613474,0.4558952607352201,0.3033633765662784,0.31464625746243413,0.4092235193524306,200,150.0,0.025,4.3462965938672,0.9025308569343828,0.9870561013212198,0.9573387060678822,0.3540597785894843,0.419754160689254,0.2731848688224527,0.007663542180756433,0.07156008419090462,5558,0.027012407122126224,0.027161300310546897,0.027161300310546897,0.05081030594758634,0.05132273360638021,0.05132273360638021,0.465,-0.03820386031715178,-0.03820386031715178,-0.03820386031715178,0.435,0.495,0.10067114093959731,5961,nan,40
0.5264481013271336,0.0009676329382329453,-0.008681826657916357,False,,corr_mse,2,b9894b1ecb4728149fef15a9bfddedbd0cc617ff,True,0.952669037324373,0.510487129279439,1.0,0.7394113931777352,0.0,0.0,0.9188832710485819,0.9443940149282368,0.4107484136049693,200,150.0,0.024583333333333332,4.343253718262758,0.8205087535075297,0.5164167731473264,0.7321765726788865,0.0,0.0,0.2741516189290162,-0.08619762096948963,0.07210231345536741,5438,0.006205903819369911,0.006455552232687056,0.006455552232687056,0.0140132907196317,0.01440369289530643,0.01440369289530643,0.815,0.19959722648202394,0.19959722648202394,0.19959722648202405,0.63,1.0,0.10102739726027397,5841,nan,160
0.518301946233548,0.11378827396397843,0.11096404088701023,False,,smooth_mean_abs_diff;smooth_std_diff,4,840550f53b3e044f066dd98f7159416e28312f27,False,0.9313391961561976,1.0,0.045454545454545414,1.0,0.695062458199323,0.7411117155859038,0.5847438997581886,0.6636789565205413,1.0,200,171.0,0.07333333333333333,4.29762688522003,0.8033705823607002,1.0,0.9697289930491523,0.6155892806996651,0.659883409490157,0.8,0.012828561406339034,0.024504062368627344,5568,0.042381321578046034,0.04232132708391357,0.04232132708391357,0.07186081706174657,0.07225657330723181,0.07225657330723181,0.625,0.09359550566784691,0.09359550566784691,0.09359550566784697,0.575,0.675,0.2948073701842546,5971,nan,30
0.46863509049123814,-0.02082978491131918,-0.01986217632861776,False,,corr_mse,6,792e9af74e698a9f61d6b822943915324a50fe58,True,0.8012918140310625,0.46043398197152363,0.0,0.686154276262586,0.07239724449384945,0.1330874288236351,0.3868982193888766,0.5352395565921572,0.08023051235158,200,172.0,0.005833333333333334,3.7911357916240123,0.6988796827574211,0.47122817046475707,0.6858795782915633,0.046745354679667714,0.08271667482045172,0.0646103896103896,-0.10549700172303395,0.09900380846500556,5478,0.008952918406583767,0.01150213670860092,0.01150213670860092,0.021264503519943214,0.02762982496632892,0.02762982496632892,0.5125,0.045095088590200894,0.045095088590200894,0.04509508859020095,0.585,0.44,0.023809523809523808,5881,nan,120
0.4603900634742836,0.09436914119093914,0.08402778275442879,False,,smooth_mean_abs_diff;smooth_std_diff,3,fe5a17d5713ce7506c0628445660bc7728a1348b,True,0.7797030872417293,0.9255374518051999,1.0,0.8140777938797857,0.528874261619265,0.5724529267854646,0.28577709386678396,0.3371915663214021,0.5949147216866376,200,150.0,0.035833333333333335,3.765456915121952,0.6815335013376657,0.8911293562044748,0.7970848916878176,0.47639554355754504,0.518804381459552,0.3909090909090909,-0.059139917133560094,-0.04290069540755648,5568,0.034201530687625666,0.03409574204110862,0.03409574204110862,0.05949337052050705,0.05987763797989751,0.05987763797989751,0.455,-0.029690453345350365,-0.029690453345350365,-0.02969045334535031,0.45,0.46,0.1440536013400335,5971,nan,30
0.49941688835993653,0.05888728499876265,0.0438076837478736,False,,smooth_mean_abs_diff,2,39801a6ef65f135ee6ecd7d66abce2eb2ea51dc8,True,0.881890679614558,0.7454766666233578,1.0,0.7656904847551961,0.34288102542807747,0.3593821568605571,0.9452626950978236,0.9949245209340883,0.19340982604615486,200,150.0,0.0125,3.7278027787205343,0.7636395251640871,0.7285682443079803,0.7550212744903654,0.31653698933468666,0.33925291227084764,0.13636363636363635,-0.07667457083858009,-0.0025200185572444855,5568,0.02480736129153562,0.024889894615355262,0.024889894615355262,0.04375330463268004,0.04423902643877817,0.04423902643877817,0.83,0.2186782142302912,0.2186782142302912,0.2186782142302912,0.735,0.925,0.05025125628140704,5971,nan,30
0.4763197835870918,-0.034210690625677435,-0.03375991789324174,False,,corr_mse,5,0f0f5fdee3e1fbd1a5b94bef137de90f6c2e4a23,True,0.8214133660120455,0.39821538181410826,0.045454545454545414,0.6433807787326412,0.030290286476886814,0.05588694879053152,0.9892284018465596,0.9281585298491504,0.029274215009452403,200,171.0,0.002916666666666667,3.715696273337775,0.7150470137220994,0.41505644594396,0.6486961089305561,0.03422241052658097,0.06118607953745426,0.0323051948051948,-0.12099731534884295,0.09255334778870453,5478,0.008217001212262924,0.00941802742051743,0.00941802742051743,0.019377061496272836,0.02196359342057941,0.02196359342057941,0.855,0.19346649246868652,0.19346649246868663,0.19346649246868652,0.71,1.0,0.011904761904761904,5881,nan,120
0.40365264458006395,-0.0384289136600691,-0.03926852381368936,False,,corr_mse,4,e022ef0e148b82b99d88a04668e412b55fe77c35,True,0.6311421871112051,0.3735539828669928,0.045454545454545414,0.5036635544115401,0.0,0.0,0.94086612442295,1.0,0.32279644832951615,200,171.0,0.019583333333333335,3.6177336413242767,0.5621672992131624,0.3927918288608039,0.5272383972689924,0.032281152307668676,0.05057469933243308,0.21839196762141966,-0.17162821815000967,-0.04292030041046002,5438,0.008102922183845148,0.007330016764138773,0.007330016764138773,0.018446833387627964,0.017297333152296316,0.017297333152296316,0.8275,0.22712310303794403,0.22712310303794403,0.22712310303794403,0.655,1.0,0.08047945205479452,5841,nan,160
0.4164502809260874,-0.05035676109391001,-0.05129715719539298,False,,corr_mse,3,0eb899d680b1c4c99c79160c1388fd6fc60456d2,False,0.6646514374818111,0.31970316636300883,1.0,0.4792279683821174,0.0,0.0,0.0,0.0,0.28614979613141067,200,150.0,0.0175,3.5780195539339483,0.5890914222446202,0.34417464328882563,0.5059962749990702,0.021753498728362634,0.03464806744679267,0.19515877957658778,-0.18048321643069337,-0.018778044158743956,5438,0.0074842592568085346,0.007006820888316347,0.007006820888316347,0.017050653025618888,0.016075022623093335,0.016075022623093335,0.185,-0.2028623715107566,-0.2028623715107566,-0.2028623715107566,0.37,0.0,0.07191780821917808,5841,nan,160
0.43368715886239584,-0.02154558482139774,-0.028902922116549233,False,,corr_mse,10,62cb90c28654a7313253d6c07b46f05956b9c477,True,0.7097843700607874,0.4199595966414663,0.0,0.6088739859748115,0.15196652622662463,0.27232186691948307,0.46163992086172795,0.45162128231775617,0.15302522284033368,200,172.0,0.01,3.4787376752139325,0.6253549798022305,0.43468739299376774,0.6186989764688223,0.11014425632540222,0.2006200856290108,0.11076066790352503,-0.13350193014197997,-0.044996250395887616,5478,0.012678587167204394,0.015440466308155567,0.015440466308155567,0.031600300062915775,0.03784912107763685,0.03784912107763685,0.555,0.013519721686565789,0.013519721686565844,0.013519721686565789,0.625,0.485,0.04081632653061224,5881,nan,120
0.35595514869708417,-0.03509866485641469,-0.03806634514714663,False,,corr_mse,6,14d5cdb819e303bfeb57620ef6c2b91b65faf7de,True,0.5062513644328164,0.37893599932078775,0.0,0.4797151111813525,0.03038394628751069,0.07659357208505463,0.0,0.036840779400841475,0.42540707448421144,200,172.0,0.025416666666666667,3.4778726835803564,0.46181960900513164,0.3976507801204609,0.5064197535639716,0.06271188842413382,0.10875046483202332,0.2834448941469489,-0.18030668501276542,-0.10827425129594259,5438,0.009891199897950183,0.009422663169344566,0.009422663169344566,0.02354671024285968,0.023483383479748317,0.023483383479748317,0.2925,-0.1431068850895722,-0.1431068850895722,-0.14310688508957214,0.39,0.195,0.10445205479452055,5841,nan,160
0.367615518744551,-0.04806326876075659,-0.05123323686651897,False,,corr_mse,5,ae1aa5f06174db6a200fa3ab8adb403ae328a625,True,0.5367828038931891,0.3199893303678329,0.045454545454545414,0.4629519582413319,0.015253896909555215,0.054001333350213926,0.10991426687183996,0.3922798847498665,0.3667724309672427,200,171.0,0.022083333333333333,3.4500273988240373,0.48635111070293324,0.34443299570443897,0.49184736131798407,0.04650198205136236,0.07237388012517497,0.24627179327521792,-0.1863813373777215,-0.06280742455824756,5438,0.008938616490068966,0.00867379224817624,0.00867379224817624,0.02035782049081785,0.021825196176333023,0.021825196176333023,0.355,-0.008888375311846164,-0.008888375311846053,-0.008888375311846164,0.475,0.235,0.09075342465753425,5841,nan,160
0.4081226532432179,0.0026482995220334575,0.002165840551125002,False,,smooth_mean_abs_diff;smooth_std_diff,8,07701f7077262dbf8d4343588781af3b905849fb,True,0.6428464296293125,0.559050895239661,0.0,0.6727064289149276,0.42055468977263105,0.5204446900164665,0.690261595955155,0.6776125090539593,0.22290814490953725,200,172.0,0.014166666666666666,3.357603811367206,0.5715714626027429,0.5602607438620058,0.6741892174677122,0.2677482932942455,0.3357342543359445,0.15506493506493504,-0.11037024949368401,0.05789324779666233,5548,0.021940268708055245,0.028734399488748175,0.028734399488748175,0.04344484763156303,0.05606042451577212,0.05606042451577212,0.685,0.0988569994899986,0.09885699948999865,0.0988569994899986,0.7,0.67,0.05714285714285714,5951,nan,50
0.45950386298054546,0.052370611303283895,0.042005332399734314,False,,smooth_mean_abs_diff;smooth_std_diff,2,9ba56a00f7a2fb8098a7933c4c988618f094ef3d,True,0.7773826654528688,0.7374077456874193,1.0,0.6929113379483347,0.593760470182038,0.5875920366836759,0.9276764123983292,1.0,0.4292555857852834,200,150.0,0.02625,3.3230185203866762,0.6796690811839114,0.721283522330197,0.6917535659397929,0.5263419013081226,0.5292305151656091,0.28588476740650653,-0.10304836924343092,-0.05116874726280263,5578,0.03713665385139784,0.03730732407654611,0.03730732407654611,0.06040735931842749,0.06098879301472411,0.06098879301472411,0.82,0.23237234592438966,0.23237234592438966,0.2323723459243897,0.745,0.895,0.10535117056856187,5981,nan,20
0.3966296465784286,-0.004784551215208818,-0.006127932549035162,False,,smooth_mean_abs_diff;smooth_std_diff;corr_mse,6,f256f165765230ad90bb54085dee1d53d7682eb4,True,0.612753213395587,0.5219206212368177,0.0,0.6282705352302751,0.3570728852946006,0.4502595057590762,0.6638821719059135,0.5721093313414294,0.12938835214045602,200,172.0,0.00875,3.2302954028820556,0.5473920659487427,0.5267390716065612,0.6355606089421754,0.2516616302662984,0.32351011441864386,0.0957754010695187,-0.12647298432085186,0.02825959336944034,5548,0.020994927758132248,0.025592329280692164,0.025592329280692164,0.04237323976007237,0.05090908990084564,0.05090908990084564,0.67,0.05901760344075013,0.05901760344075019,0.05901760344075013,0.7,0.64,0.03529411764705882,5951,nan,50
0.3667793019247343,-0.026235353200584507,-0.02654928220031886,False,,corr_mse,12,89e790e96fb4a641ca182e0a34c9ff59561af6b1,True,0.5345932590411777,0.4304965734719483,0.0,0.5037659261294829,0.16404360837695953,0.2839104480539877,0.47043306221147513,0.4621738224868971,0.38596829640434555,200,172.0,0.023333333333333334,3.230140384367596,0.48459184798214844,0.4442003064682976,0.5273273901233853,0.1763102920956693,0.30811042655212445,0.2584415584415584,-0.17159112055860004,-0.14303157498010294,5478,0.01656686797466814,0.016038228774689498,0.016038228774689498,0.041023253024980624,0.038699680348338934,0.038699680348338934,0.56,0.017504500498342568,0.017504500498342623,0.017504500498342568,0.62,0.5,0.09523809523809523,5881,nan,120
0.4141841993787066,-0.021805554743166186,-0.02988334564589584,False,,corr_mse,3,3963deb5f8a2b0ce3662d0c9c190f73f85c958a4,False,0.658717943836714,0.4155703525852512,1.0,0.5463673755128141,0.1784787801397686,0.25799905255957983,0.6331061771817981,0.6138919000939239,0.007141681820447491,200,150.0,0.0016666666666666668,3.228375085207252,0.5843239591966524,0.4307247289775978,0.5643612961482697,0.15982723153033174,0.20948131313130855,0.018273645546372817,-0.15615315395571994,-0.06028511251326063,5538,0.015598232521472908,0.01675270630911104,0.01675270630911104,0.032377104092219514,0.036797879135680035,0.036797879135680035,0.6525,0.07479525431891787,0.07479525431891787,0.07479525431891787,0.53,0.775,0.006734006734006734,5941,nan,60
0.4108588022469771,-0.06526361305701403,-0.0670591656389375,False,,corr_mse,3,e930cdce5a9424454a92d935fc7ea1d53890fee0,True,0.6500107449402988,0.24913845651669822,1.0,0.4587222462906722,0.05689136425356121,0.10166395546384698,0.14508683227082877,0.19033224446850186,0.0,200,150.0,0.0,3.2139292039189002,0.5773278703031777,0.2804679473434248,0.4881704264446285,0.055564554181399356,0.07647248599093123,0.0,-0.18791410569380693,-0.02421275079134458,5498,0.009471183159195507,0.010734663812181364,0.010734663812181364,0.02071711761418161,0.02532345749358909,0.02532345749358909,0.375,-0.0851464766962649,-0.08514647669626485,-0.0851464766962649,0.47,0.28,0.0,5901,nan,100
0.39705168481802106,0.07859241365758407,0.07798907429736031,False,,smooth_mean_abs_diff;smooth_std_diff,3,fbac8d91a43b3a767567640de471182e1cf22b09,True,0.6138582756628758,0.8985028444043885,1.0,0.693063634030658,0.8677627244441927,0.8597935394922209,0.4528467795119807,0.402991663831844,0.9589284023047902,200,150.0,0.05708333333333333,3.2011472679925568,0.5482799650247544,0.866722177071479,0.6918859585903332,0.7661232241407494,0.7613035313261397,0.6216859227728793,-0.10299317999830687,-0.1250157534755746,5578,0.05122752547011636,0.050869230943186176,0.050869230943186176,0.08075163487160851,0.08096738306173985,0.08096738306173985,0.55,-0.004843465779341416,-0.0048434657793413605,-0.004843465779341416,0.535,0.565,0.22909698996655517,5981,nan,20
0.40573271613629963,-0.010174336772105125,-0.018241860251240465,False,,corr_mse,3,b3e988c3913e80e1eadf8b277f30d07f230ea8c6,True,0.6365886333675356,0.46768795181102524,1.0,0.5696380007565115,0.22690972170098703,0.2778359030599982,0.8749175642998461,0.7769641905592132,0.007093238519349809,200,150.0,0.0016666666666666668,3.1570154496923757,0.5665434278184832,0.47777714447696146,0.5845907052620495,0.2192186906750444,0.2709200707271252,0.018242933537051184,-0.14772031562414656,-0.04301765152046538,5548,0.019088401881497137,0.019149824977662273,0.019149824977662273,0.037763025449443495,0.038253831067916605,0.038253831067916605,0.79,0.1363735091673799,0.1363735091673799,0.13637350916738,0.9,0.68,0.0067226890756302525,5951,nan,50
0.35860337522612584,-0.0745678171380344,-0.07480103219173335,False,,corr_mse,4,d0cc2f6e9f762ff25d4b16c47fbb9c1393c1ecda,True,0.5131854640900013,0.21447900503095568,0.045454545454545414,0.39620034780047125,0.08214075556966717,0.13010923426814983,0.6067267531325565,0.5156525397978517,0.0,200,171.0,0.0,2.969487249724081,0.4673910422725915,0.24917696432591266,0.4338194560739015,0.07481224066297819,0.10608797228534642,0.0,-0.2105708696023617,-0.09637133254639713,5498,0.010602283263095539,0.011984397667074237,0.011984397667074237,0.023313307484865542,0.027411236429930777,0.027411236429930777,0.6375,0.03769877184969628,0.03769877184969628,0.03769877184969628,0.67,0.605,0.0,5901,nan,100
0.3533452179233738,-0.04423207813489326,-0.051584484661300195,False,,corr_mse,4,998c5477b5c3f7ef57f3079a79ae3817d4bf8f95,True,0.49941753814008966,0.31841683414619526,0.045454545454545414,0.4483065565508,0.21267710653385646,0.2834140782964471,0.8749175642998461,0.7982127370575784,0.007141681820447491,200,171.0,0.0016666666666666668,2.922882522790757,0.4563287437113385,0.34301332659667466,0.47911595340217594,0.16165309776954823,0.21219604869625672,0.018273645546372817,-0.19168855639155769,-0.07795261711560225,5538,0.01570553048140497,0.01844537310413616,0.01844537310413616,0.03261508664314703,0.038663248632145895,0.038663248632145895,0.79,0.1443972415114978,0.1443972415114978,0.1443972415114979,0.885,0.695,0.006734006734006734,5941,nan,60
0.3528827560311649,-0.039486120627685195,-0.04022239827757892,False,,corr_mse,5,8f396bf121cd093fa9ab57694533c9b55b50b322,True,0.49820663083549926,0.369283595941668,0.045454545454545414,0.4958842530780977,0.21373423092291383,0.2662298222511436,0.8441415695757308,0.7539073890867526,0.10780686150143727,200,171.0,0.0075,2.878191679533957,0.45535579991558345,0.38893647053773545,0.5204757655113346,0.2512114530547963,0.3174581042926308,0.08209320091673032,-0.17444729111390783,-0.05964096507481892,5548,0.020968472864906988,0.01849769611348313,0.01849769611348313,0.04184270086463662,0.037401987385423295,0.037401987385423295,0.7725,0.12766695581603793,0.12766695581603793,0.12766695581603804,0.89,0.655,0.030252100840336135,5951,nan,50
0.3517127217685159,-0.03719930262884684,-0.044287263508594764,False,,corr_mse,4,aefe438c93278d2b4cd495cff4005326689ffd0f,True,0.4951430204945572,0.3510856590087979,0.045454545454545414,0.46114845287980705,0.28161799847477414,0.34843468344700923,0.7781930094526269,0.7324402982952342,0.0,200,171.0,0.00125,2.856746769273431,0.4528942401722976,0.3725071471898332,0.49027955437618037,0.21078785874009048,0.2618285138775782,0.013682200152788388,-0.18703489391024242,-0.06994408384596001,5548,0.01859295974684284,0.021857644139363773,0.021857644139363773,0.036966030000275665,0.04343552211891513,0.04343552211891513,0.735,0.11956069825478433,0.11956069825478433,0.11956069825478433,0.825,0.645,0.005042016806722689,5951,nan,50
0.31938464451386916,-0.042717490951623714,-0.056395815104813556,False,,corr_mse,6,ae63924bc69c4340257351557f81dae4875844bf,True,0.41049538670999075,0.296877057794896,0.0,0.41112355691556857,0.16106842761994797,0.2579074074980831,0.6858650252802814,0.6699904506638737,0.173535624376692,200,172.0,0.01125,2.8554377179737096,0.3848812801349516,0.323566949140679,0.4467923650232025,0.1672663224622747,0.25630037450166915,0.12376382063882063,-0.20516297838594663,-0.1378961611851149,5518,0.01603539449073584,0.015890970408342607,0.015890970408342607,0.03648141531899756,0.03679115272493438,0.03679115272493438,0.6825,0.0959788093776543,0.09597880937765435,0.0959788093776543,0.74,0.625,0.04560810810810811,5921,nan,80
0.31864217366466724,-0.0707727236546123,-0.07520892493873182,False,,corr_mse,10,23fd1d8b0bec65584b56c70e4d07da5ff8ca2f96,True,0.4085513057167443,0.21265291583404564,0.0,0.4369989782091333,0.20039582560496383,0.32808778474395983,0.7166410200043964,0.6327772694754121,0.18870696906634654,200,172.0,0.012083333333333333,2.7392055403926645,0.3833192435251682,0.24752834833230758,0.46928615184058514,0.1928988087312452,0.30141152092237944,0.13338212634822805,-0.1957862107982738,-0.1580446213307357,5498,0.017541700607566896,0.017837503695874543,0.017837503695874543,0.040436005165272466,0.041942134522880085,0.041942134522880085,0.7,0.08192661971129983,0.08192661971129983,0.08192661971129989,0.685,0.715,0.04915254237288136,5901,nan,100
0.2941619061220604,-0.07232898063531085,-0.08058724709081513,False,,corr_mse,6,9605ff85db6c04ce1d899779f83071451ce83373,True,0.3444523274331861,0.1885747824235043,0.0,0.32718197777852276,0.08015003019155309,0.13160217847966987,1.0,0.8900082648172774,0.11615902030806319,200,172.0,0.007916666666666667,2.719280701681897,0.3318167849977425,0.2257903106154508,0.3738210319267729,0.1120143735237388,0.18752134201075563,0.08738828967642526,-0.23558183300401922,-0.14300882747913776,5498,0.012788485557297573,0.011885865513578852,0.011885865513578852,0.03045202158582682,0.02752081304893278,0.02752081304893278,0.895,0.179060447542439,0.179060447542439,0.1790604475424391,0.79,1.0,0.03220338983050847,5901,nan,100
0.23485590429138817,-0.08329709602351044,-0.08547789372045858,False,,corr_mse,8,458c9947dee75ff464d4da218e16a5cf9740a1d4,True,0.18916586592647852,0.1666799165745415,0.0,0.2378564137585934,0.0657754701455442,0.13980245403351732,0.0,0.0,0.23484448305406302,200,172.0,0.014583333333333334,2.6538024458785503,0.20704670663174551,0.2060233539533574,0.29616934186882354,0.07613881638581595,0.14193045650338348,0.16263231631382313,-0.26795174280954487,-0.24129104833918374,5438,0.010680240161415194,0.011174387992644369,0.011174387992644369,0.026455376250576288,0.028122683141024497,0.028122683141024497,0.2925,-0.17402147580797328,-0.17402147580797328,-0.17402147580797328,0.395,0.19,0.059931506849315065,5841,nan,160
0.27187934399695324,-0.06870270522026031,-0.0752728535766812,False,,corr_mse,8,60c3d36383dd2600e82b805738f0e11427a3fcdd,True,0.28610780716708184,0.21236671463044104,0.0,0.3392282570061307,0.08432727422357299,0.13755633659049818,1.0,0.8719590182771374,0.1596877895630332,200,172.0,0.010416666666666666,2.5982926030748215,0.2849379373815652,0.2472699623331735,0.3842929942501793,0.16383462625957695,0.2693582563100265,0.11498459167950692,-0.2312164872447375,-0.1754344272249242,5498,0.01583372911473651,0.01209262072686728,0.01209262072686728,0.03762611171690335,0.02795782637451688,0.02795782637451688,0.8875,0.17224481319953366,0.17224481319953366,0.17224481319953366,0.775,1.0,0.0423728813559322,5901,nan,100
0.29357912051500523,-0.054621570608397646,-0.06273395178835096,False,,corr_mse,8,8c4a9efc6ddcc31c91b6cbefad9a8967840e6cc7,True,0.34292636527180115,0.26850194445562797,0.0,0.39394844696528947,0.20592987489886264,0.3376477053175689,0.6550890305561662,0.6851962513665509,0.19522648067773282,200,172.0,0.0125,2.5836214623139497,0.3305906998863155,0.2979495446071926,0.4318618540412319,0.24316733200963503,0.3711286604765113,0.13751535626535627,-0.21138691624842104,-0.21649156349644572,5518,0.02049575599274293,0.018111414804092812,0.018111414804092812,0.046547636415360284,0.042643797563133405,0.042643797563133405,0.665,0.1017207209444369,0.1017207209444369,0.10172072094443696,0.735,0.595,0.05067567567567568,5921,nan,80
0.26753952475622456,-0.06667945535010045,-0.08006376880565381,False,,corr_mse,5,8161fa15896ba7d5a5ab1afb67e02846eab6426f,False,0.27474445181233015,0.19091833486071808,0.045454545454545414,0.2957603418481513,0.14744746687727084,0.2395391339696504,0.6287096065069246,0.6152540270003973,0.13015391177461041,200,171.0,0.00875,2.552974515334389,0.27580767113455046,0.22790609884550028,0.34650586004793027,0.15764846837384164,0.2358573957055,0.09626074938574937,-0.24696844480062943,-0.18652237766943114,5518,0.015470196394375862,0.015216792739535514,0.015216792739535514,0.034689317294686904,0.03544298894586031,0.03544298894586031,0.65,0.07530961146410448,0.07530961146410448,0.07530961146410448,0.625,0.675,0.03547297297297297,5921,nan,80
0.348401749976729,0.04303566422430788,0.04131674209067973,False,,smooth_mean_abs_diff;smooth_std_diff,4,6b572e55a220f65c578c4698ace90a66b4c571b4,True,0.4864735928173537,0.7343250055952885,0.045454545454545414,0.5389337948871598,0.807246912457282,0.7951879020014215,0.6946581666300286,0.6685425893328015,0.6225145864072656,200,171.0,0.0375,2.538641638330956,0.44592849982263877,0.7185003863099992,0.5578992031842072,0.8017643973505378,0.7903288642160752,0.40840681058072364,-0.15884694421637646,-0.16993968018457803,5578,0.053321997175029744,0.04787396432271393,0.04787396432271393,0.08329608997502817,0.07622556667631514,0.07622556667631514,0.6875,0.09543207777919804,0.09543207777919804,0.0954320777791981,0.67,0.705,0.1505016722408027,5981,nan,20
0.2509503778278419,-0.04471469032863108,-0.05677197102416433,False,,smooth_mean_abs_diff;smooth_std_diff;corr_mse,10,de56a8495a6685a4c53cd77fcf34fcefeff91c42,True,0.23130753402315787,0.29519305074712465,0.0,0.30084255841661345,0.48818230621758363,0.5864036211028093,0.7166410200043964,0.7204132783129822,0.9422911662101621,200,172.0,0.05583333333333333,2.5343676060314664,0.24090683313523598,0.3220466066749347,0.3509238865122642,0.4451556228650219,0.545492370917161,0.6111382734912146,-0.24512674479304186,-0.288333700249409,5548,0.03236570082958222,0.03208166916106919,0.03208166916106919,0.06183292649503886,0.060901567678160407,0.060901567678160407,0.7,0.11501913635348571,0.11501913635348576,0.11501913635348571,0.7,0.7,0.22521008403361345,5951,nan,50
0.2616645605167088,-0.04089866959123259,-0.052034020280440824,False,,smooth_mean_abs_diff;smooth_std_diff;corr_mse,8,f201d9b388f1b5a843ce42f2a7fc6cc0132b2579,True,0.25936148246569274,0.3164043145714306,0.0,0.3243124222118211,0.5552109467984522,0.6379098200674586,0.6111233238074302,0.556930319577444,0.8473108810656216,200,172.0,0.050416666666666665,2.4955995992054056,0.2634477121770288,0.3411963989438444,0.37132649587861694,0.47537030060966134,0.5559235259763694,0.5509228187919463,-0.23662170614554623,-0.295673924674676,5558,0.03414128176337267,0.03539929216166502,0.03539929216166502,0.0627473554811115,0.06468193341228541,0.06468193341228541,0.64,0.053285807731721035,0.053285807731721035,0.05328580773172109,0.66,0.62,0.20302013422818793,5961,nan,40
0.24350456783110858,-0.06967019460470174,-0.07325432988989948,False,,smooth_std_diff;corr_mse,10,5651d84e899573ce76ed0087a087806a3c31463f,True,0.21181147204371076,0.22140341441307526,0.0,0.30056665558218565,0.2670913722915211,0.413024462146024,0.6682787425807869,0.7388350451004123,0.4555167562902224,200,172.0,0.0275,2.4948583017386494,0.22524207294042092,0.25542840706646885,0.35068404115981483,0.26128546722216606,0.377744535989673,0.30253378378378376,-0.24522672680786042,-0.27165477647637815,5518,0.021560477440745636,0.02113864001323245,0.02113864001323245,0.04712760558494354,0.04817617452729918,0.04817617452729918,0.6725,0.12197543927140403,0.12197543927140403,0.12197543927140408,0.72,0.625,0.11148648648648649,5921,nan,80
0.2234102247408699,-0.0828891229017079,-0.0909164210800468,False,,corr_mse,12,56995fe74085816645ca3b0bb852b604ecefc60f,True,0.15919657071055252,0.14233225133282287,0.0,0.18067684800404973,0.14105909135828837,0.25695062996263085,0.0,0.0,0.2788204656917896,200,172.0,0.017083333333333332,2.4783884824825844,0.18296687844592993,0.18404197955370527,0.2464625197923423,0.11804861660264783,0.20754642067436666,0.19051214196762142,-0.2886725454879444,-0.19125995627387662,5438,0.013143090926625689,0.0149005962394342,0.0149005962394342,0.032207485125046835,0.03672092876970354,0.03672092876970354,0.28,-0.18191245682480384,-0.18191245682480384,-0.18191245682480378,0.37,0.19,0.0702054794520548,5841,nan,160
0.26151652075684834,-0.04979146537752849,-0.06585261145583068,False,,corr_mse,5,70361cbfb86bf53548b82c76bbedafa0c4a52cd8,True,0.2589738560912717,0.25454006165792975,0.045454545454545414,0.30908906199460556,0.20491738802316672,0.28438037840232283,0.8705209936249725,0.7859192748729651,0.09361297427981552,200,171.0,0.006666666666666667,2.4284373142249933,0.26313626085896813,0.2853445835132473,0.35809266229247805,0.23011716710356137,0.32111360752163026,0.07309458218549127,-0.24213836649440618,-0.23975170649814714,5538,0.01972885640222333,0.01806130115539726,0.01806130115539726,0.04216315416940543,0.03873417150905322,0.03873417150905322,0.7875,0.1397550675087037,0.1397550675087037,0.1397550675087038,0.88,0.695,0.026936026936026935,5941,nan,60
0.24755828199383925,-0.053457985431384115,-0.062264439471198654,False,,smooth_mean_abs_diff;smooth_std_diff;corr_mse,6,1bdf6dd95db9e5cc0ec0b627ab57a676dac96066,True,0.2224256916649787,0.2706038974236008,0.0,0.28137410593307155,0.7149854547512127,0.7692108637248463,0.5319850516597053,0.5575511748474038,1.0,200,172.0,0.07208333333333333,2.4178365519346654,0.23377042113697183,0.29984721383751795,0.33399974777609426,0.5956370441375933,0.640507423041962,0.7863636363636363,-0.2521817469960485,-0.3325094831365603,5568,0.041208818229656795,0.04330742781680247,0.04330742781680247,0.0701622550576913,0.07431894752466274,0.07431894752466274,0.595,0.05352025089756185,0.05352025089756185,0.053520250897561905,0.61,0.58,0.2897822445561139,5971,nan,30
0.25408171861836565,-0.0382323342686729,-0.05393197824046982,False,,smooth_mean_abs_diff;smooth_std_diff;corr_mse,5,390f55075e3baf9c79aaba86cafdbe0c23a4d437,True,0.23950661701850767,0.30790737376406835,0.045454545454545414,0.31973816082180423,0.5178967532378155,0.5968382748143914,0.23741481644317433,0.25777747546868196,0.4738593596051965,200,171.0,0.02875,2.390842115028047,0.2474946593882987,0.33352525531327226,0.3673500404081271,0.40419508522948006,0.46749535399799136,0.3141625991458206,-0.23827933271915186,-0.26833971549794583,5558,0.029958633963665448,0.03355240364158385,0.03355240364158385,0.054995454259869195,0.06166743291635823,0.06166743291635823,0.4275,-0.05967826495414491,-0.05967826495414491,-0.05967826495414491,0.385,0.47,0.11577181208053691,5961,nan,40
0.2299313291440541,-0.1007755770116287,-0.1085595323544182,False,,corr_mse,5,6ebb733d0378d7d525245d8db7bf6fece20da691,True,0.17627138939041434,0.06334605916566396,0.045454545454545414,0.2074618411583031,0.09337633146637579,0.15766091175055147,0.690261595955155,0.5114738681817554,0.11615902030806319,200,171.0,0.007916666666666667,2.381424481875529,0.19668621008695342,0.11273226483599796,0.26974700737928137,0.11121074990196847,0.17391854020116065,0.08738828967642526,-0.2789661661097928,-0.22164765196304634,5498,0.012741260205671501,0.012540509273946059,0.012540509273946059,0.029259555727933706,0.029433428312962577,0.029433428312962577,0.685,0.03612085015024741,0.03612085015024741,0.03612085015024746,0.69,0.68,0.03220338983050847,5901,nan,100
0.19883597306984405,-0.0997269638183724,-0.10700141559491079,False,,corr_mse,10,bbc072200dccdf14e557cb437306917d22c34798,True,0.09485150497733533,0.07032156976985633,0.0,0.11508348094115067,0.11037415351304579,0.2105642151884298,0.0,0.0,0.154221848218231,200,172.0,0.01,2.369687386683358,0.1312666927626342,0.11902984239414385,0.18944148818834197,0.06450714705244584,0.11706279222450897,0.11151930261519301,-0.312442352026116,-0.2780807208310404,5438,0.009996699186031095,0.013381826730086782,0.013381826730086782,0.024275395902910765,0.033316336381481404,0.033316336381481404,0.285,-0.18359749280921978,-0.18359749280921978,-0.18359749280921972,0.38,0.19,0.0410958904109589,5841,nan,160
0.21954132638693327,-0.07484252526341531,-0.0830195460907152,False,,smooth_mean_abs_diff;smooth_std_diff;corr_mse,12,3236d53cafd47d1fa9c79dbcbc36534c8bbede0c,True,0.1490662716385077,0.17768565786795226,0.0,0.20139302623935162,0.4861252684453758,0.5953687688362415,0.7166410200043964,0.7190497333240642,1.0,200,172.0,0.06208333333333333,2.331990654435108,0.17482735232867455,0.2159594738036358,0.2644713201751084,0.4555165268383304,0.5473002392891367,0.6795492742551565,-0.2811653908637396,-0.33789254502289856,5548,0.03297456463105381,0.03197985483562517,0.03197985483562517,0.061991410117701456,0.06155957657755709,0.06155957657755709,0.7,0.11450424372160234,0.11450424372160234,0.1145042437216024,0.7,0.7,0.2504201680672269,5951,nan,50
0.22604243586102432,-0.10893269699728828,-0.11038974523646673,False,,smooth_mean_abs_diff;smooth_std_diff;corr_mse,12,13bd296843cd9b79977a642159d7da0e58b498a8,True,0.16608873572202,0.055152405327619725,0.0,0.25987755934621615,0.31225638036455233,0.4554672851354333,0.690261595955155,0.7750877512336544,0.4555167562902224,200,172.0,0.0275,2.243710744335843,0.1885046179259105,0.10533493244592589,0.31531256464779805,0.28356500753184627,0.3844101469357294,0.30253378378378376,-0.25997169248121266,-0.2717374588329,5518,0.02286974597975901,0.023374109333610588,0.023374109333610588,0.047711934724368646,0.05129132177003822,0.05129132177003822,0.685,0.1356649408467459,0.1356649408467459,0.13566494084674596,0.71,0.66,0.11148648648648649,5921,nan,80
0.24332982308340353,-0.047020813252388355,-0.060677089786305226,False,,smooth_mean_abs_diff;smooth_std_diff;corr_mse,6,4ca70ffa2a7805eff836b400f85de9a5903a6207,False,0.21135392149738538,0.27771028049275925,0.0,0.2711478272522283,0.5557806219096936,0.6522721144672224,0.5363816223345791,0.6849530261832806,0.35176943912774983,200,172.0,0.021666666666666667,2.182876523819483,0.2248744387180457,0.30626294468151133,0.32510993183948417,0.42187278818145274,0.48825822288423065,0.23676021964612567,-0.25588755867691526,-0.28432675700875076,5558,0.030997473185450715,0.03542748857495258,0.03542748857495258,0.05681559489010961,0.06573607304409065,0.06573607304409065,0.5975,0.10162887589658565,0.10162887589658565,0.10162887589658565,0.635,0.56,0.087248322147651,5961,nan,40
0.23124122437517552,-0.05500410283647553,-0.05987867630093055,False,,smooth_mean_abs_diff;smooth_std_diff;corr_mse,10,722873a7d6992e05cea8618e6a11efbefd86db4c,True,0.17970121080994153,0.2812846863899925,0.0,0.23967345788662228,0.6306922855640353,0.7136939934446891,0.5627610463838206,0.5943627563226006,0.8616744011217917,200,172.0,0.05125,2.1700829531310593,0.19944201431575476,0.3094899626934389,0.29774891820846844,0.5503453184213576,0.6462816047512734,0.560028981086028,-0.2672932800818555,-0.3169679970373193,5558,0.038547226889187096,0.039135286558005786,0.039135286558005786,0.07066843861031559,0.07024421325399731,0.07024421325399731,0.6125,0.0674207911977368,0.06742079119773686,0.0674207911977368,0.6,0.625,0.2063758389261745,5961,nan,40
0.23659704670972573,-0.05087492316328282,-0.05326399761736978,False,,smooth_mean_abs_diff;smooth_std_diff;corr_mse,12,f14be816d4558acc870ceb9b442db069a7ee57a7,True,0.19372486226372673,0.3108978466483356,0.0,0.23917482452773386,0.6553831474536423,0.7081879914202219,0.3868982193888766,0.4318573379971426,0.9047649612903023,200,172.0,0.05375,2.165001506035763,0.21070978404847307,0.33622509135292894,0.29731545077434934,0.5855818036830376,0.6810144844252246,0.5873474679682733,-0.26747397546318713,-0.3183370940631928,5558,0.04061791690061796,0.040357375662001066,0.040357375662001066,0.07371323583203808,0.0698400929383125,0.0698400929383125,0.5125,0.0060565947708093315,0.0060565947708093315,0.0060565947708093315,0.51,0.515,0.21644295302013422,5961,nan,40
0.2100344770780382,-0.11829424162211738,-0.1263697583088762,False,,smooth_mean_abs_diff;smooth_std_diff;corr_mse,12,3c901845b389f7073ed5b30fa0a0a03a3948396f,True,0.12417359731069137,0.0,0.0,0.16722014688909215,0.36960648513504546,0.49003072580884355,0.7342273027038909,0.665338366503072,0.8214130191461632,200,172.0,0.04875,2.1412513048193667,0.15482650424130456,0.04074710801645307,0.23476446229171444,0.36179759309506865,0.4617933088664414,0.5345041322314049,-0.29354900169788123,-0.3435455052969516,5538,0.02746712373441114,0.026212687365692513,0.026212687365692513,0.05449559443431893,0.05382815130515693,0.05382815130515693,0.71,0.09422212083656012,0.09422212083656012,0.09422212083656023,0.7,0.72,0.19696969696969696,5941,nan,60
0.20373882142520944,-0.0965994524300829,-0.10580931289865926,False,,corr_mse,10,13b89b98d1b7e31f70f8127c0e3eac7eca4a9e44,True,0.10768909221820906,0.0756584772565698,0.0,0.16315427334843394,0.23280328143985776,0.31145316500126546,0.9012969883490878,0.7177134101629192,0.5908229059211817,200,172.0,0.035416666666666666,2.1098068431133417,0.14158147970885457,0.12384806871839714,0.23122995394062731,0.3374070032872255,0.43776062382773434,0.38831496786042236,-0.2950223980456772,-0.34043956845565615,5538,0.02603379829593634,0.019441530272229203,0.019441530272229203,0.052388811083116806,0.04072121456101993,0.04072121456101993,0.805,0.11399963041211791,0.11399963041211791,0.11399963041211791,0.855,0.755,0.14309764309764308,5941,nan,60
0.20890708839310929,-0.08061573672105236,-0.09437932601820816,False,,corr_mse,6,bda371da6b8f66c54c70ece3b549bf0e5e88c0ad,True,0.12122164988174211,0.12682922181333348,0.0,0.16599214546661614,0.22798013574543147,0.31731188734022847,0.8749175642998461,0.7735921213901941,0.2161139719305869,200,172.0,0.01375,2.055950128382696,0.15245466378291153,0.17004565206958785,0.23369694722035642,0.2782330205931602,0.3727716898545752,0.15075757575757573,-0.29399400639192086,-0.32009619006395407,5538,0.022556409050351237,0.019202805766519615,0.019202805766519615,0.04669166971557896,0.041151223251647044,0.041151223251647044,0.79,0.13510017122588147,0.13510017122588147,0.13510017122588147,0.875,0.705,0.05555555555555555,5941,nan,60
0.2225266590497953,-0.13177970889957788,-0.13645121444271482,False,,corr_mse,12,2de75feed853b1f8d95dcb484ab5837f3c94f84d,True,0.1568830478723843,0.0,0.0,0.19370328808076837,0.2470616827711088,0.37449314126510264,0.6682787425807869,0.7112371490927499,0.20321655881800318,200,172.0,0.012916666666666667,2.027586054752267,0.18110800148383685,0.0,0.25778654666521067,0.22300160734717905,0.33088777973218975,0.14258089368258858,-0.2839520078121186,-0.2835239633700596,5498,0.019310706907350077,0.02014725844750397,0.02014725844750397,0.04301998990173511,0.045348117165722485,0.045348117165722485,0.6725,0.11155410853034275,0.11155410853034287,0.11155410853034275,0.645,0.7,0.05254237288135593,5901,nan,100
0.1896781747152405,-0.10779438048470251,-0.11696286858482634,False,,corr_mse,8,4a30ce4e4908550b41b46ebd6051c97253e271d3,True,0.07087278346886818,0.025725283554253898,0.0,0.0978812900870816,0.24373104327683168,0.33460045277961564,0.8925038469993406,0.7302313253492297,0.37464467477276164,200,172.0,0.022916666666666665,1.8827077747474605,0.11200019050159433,0.0787677616399069,0.1744874354804314,0.32131820334830263,0.41249203578879573,0.25126262626262624,-0.31867610350043546,-0.3775925135746486,5538,0.02508833176935097,0.01998240643652554,0.01998240643652554,0.05017368445439929,0.04242014042458955,0.04242014042458955,0.8,0.11872656083858502,0.11872656083858502,0.11872656083858502,0.855,0.745,0.09259259259259259,5941,nan,60
0.18043609792422974,-0.06748263781910922,-0.06749735930280995,False,,smooth_mean_abs_diff;smooth_std_diff;corr_mse,5,477e2a9e838ffff3dd806d3e424b2deb2b260178,True,0.04667338783355019,0.24717671357902615,0.045454545454545414,0.06293114633482197,0.9652853598073442,0.9655475035286842,0.5407781930094526,0.5951631696137323,0.3576781781475122,200,171.0,0.022083333333333333,1.2958106001535477,0.09255638026513036,0.2786968614688352,0.14410489314881247,0.730749172536944,0.7293045950898235,0.24050623289753723,-0.33134138038240835,-0.38867613499847775,5578,0.04914875130249248,0.05569617261104178,0.05569617261104178,0.07794650402541838,0.08872933540782008,0.08872933540782008,0.6,0.06772303784849992,0.06772303784849998,0.06772303784849992,0.6,0.6,0.08862876254180602,5981,nan,20
0.15390419350322038,-0.12697324990907927,-0.12931282731730057,False,,smooth_mean_abs_diff;smooth_std_diff;corr_mse,8,26e7a2cade05a0949bf0ec99414ce48ccf8f4ab3,True,0.0,0.0,0.0,0.0,0.7525509518531055,0.8092626409645179,0.5451747636843263,0.5730115098919364,0.5303871491729886,200,172.0,0.03208333333333333,1.2401769387274686,0.036737615020085726,0.028851847134086707,0.05020017843652961,0.5961344424939506,0.6294782593692827,0.35,-0.37048653154758937,-0.43694498680498206,5568,0.04123804809752138,0.04516675475725704,0.04516675475725704,0.06919540269118045,0.07725860079574923,0.07725860079574923,0.6025,0.05935827800013377,0.05935827800013377,0.05935827800013377,0.595,0.61,0.12897822445561138,5971,nan,30
0.16406346261551386,-0.11623301238796133,-0.1220117524476873,False,,smooth_mean_abs_diff;smooth_std_diff;corr_mse,12,12113c9069c998179ef56de1bd12af1df8d2585e,True,0.00380338270507511,0.0031220077022847377,0.0,0.01390505190334635,0.8826362171512329,0.9406186293167793,0.492415915585843,0.5406946217629767,0.6020844519659319,200,172.0,0.03625,1.2066845758154505,0.058111047120621276,0.058361243633842846,0.1014859728955316,0.6831742506516448,0.7235539826374459,0.3954545454545454,-0.3491075179072717,-0.4098489328711246,5568,0.0463529867757272,0.05160540343715967,0.05160540343715967,0.07744238663053005,0.08689964764682497,0.08689964764682497,0.5725,0.047154993386688604,0.04715499338668866,0.047154993386688604,0.655,0.49,0.1457286432160804,5971,nan,30
0.14576373331466444,-0.11827442352923422,-0.12310765353933492,False,,smooth_mean_abs_diff;smooth_std_diff;corr_mse,10,fc30fb85c9ebd48961a562d2eb15d6ad2403b6d5,True,0.0,0.0,0.0,0.0,0.8057509503979616,0.8657556854841195,0.25060452846779513,0.41136470572462075,0.5160476886143999,200,172.0,0.03125,1.1564240835740291,0.01961142501723673,0.053931843796766785,0.06147016369483491,0.6414797322420767,0.6780187076018236,0.3409090909090909,-0.3657885216775054,-0.4219815363143735,5568,0.04390278715561909,0.04779992077814834,0.04779992077814834,0.07345061629013949,0.08140498266844144,0.08140498266844144,0.435,-0.0016816943584634925,-0.001681694358463437,-0.0016816943584634925,0.43,0.44,0.12562814070351758,5971,nan,30
0.1672299404263241,-0.07793629761320803,-0.07717296171004591,False,,smooth_mean_abs_diff;smooth_std_diff;corr_mse,6,ea0dd67d1fb8583faf759927b59d3cd2725d0dcf,True,0.012094468252944973,0.20386014774286848,0.0,0.012510540234399884,1.0,1.0,0.5407781930094526,0.6060695174778344,0.2932585112735181,200,172.0,0.018333333333333333,1.1142380206507405,0.06477279588809012,0.23959012815790218,0.10027370864523183,0.7453110176599896,0.7447531462199588,0.19966555183946488,-0.34961286279304793,-0.41602968413922614,5578,0.050004485551250984,0.05951444385093437,0.05951444385093437,0.07930077427315574,0.09434863904864613,0.09434863904864613,0.6,0.0718414191279032,0.0718414191279032,0.0718414191279032,0.6,0.6,0.07357859531772576,5981,nan,20
0.1702438797356418,-0.11794586737797363,-0.11165801944663598,False,,smooth_mean_abs_diff;smooth_std_diff;corr_mse,12,a009d96eb2b5047fc5ac9ffef3cd2e85eec77e7b,True,0.019986147949650833,0.049474486681230154,0.0,0.019293617527622858,1.0,1.0,0.5231919103099582,0.5904117601768227,0.6153568456434886,200,172.0,0.037083333333333336,0.6813617348140111,0.07111362872466555,0.10020883701385949,0.10617031194565935,1.0,1.0,0.4038689571298267,-0.3471548027450134,-0.4093762841888591,5578,0.06497141337723607,0.06574591071528596,0.06574591071528596,0.10167654381885625,0.10275597235466986,0.10275597235466986,0.59,0.06592884276875594,0.06592884276875594,0.06592884276875599,0.62,0.56,0.1488294314381271,5981,nan,20
0.16083554407521178,-0.11973538554393205,-0.11200999923938332,False,,smooth_mean_abs_diff;smooth_std_diff;corr_mse,10,4f2f485f489980cc0068fb7525914ea1a72c07be,True,0.0,0.04789871338838224,0.0,0.0,1.0,1.0,0.6682787425807869,0.7245986018345989,0.5366216972419402,200,172.0,0.0325,0.6348340584920164,0.051320037158721445,0.09878620932552934,0.07610582087678402,0.9748860086417008,0.970444569397278,0.35395256916996043,-0.3596874966699269,-0.41633796110866667,5578,0.06349557687803377,0.06299133646885628,0.06299133646885628,0.09908561862547327,0.09884852670774226,0.09884852670774226,0.6725,0.11659956990048514,0.11659956990048514,0.11659956990048514,0.695,0.65,0.13043478260869565,5981,nan,20
0.1364419854789165,-0.12895377286496804,-0.12238303609633576,False,,smooth_mean_abs_diff;smooth_std_diff;corr_mse,8,1f7b290a11dcc395e3857f2ea0172680b622a56b,True,0.0,0.0014598132534365663,0.0,0.0,1.0,1.0,0.5495713343591998,0.6249256838119749,0.34336269661995794,200,172.0,0.02125,0.5783653409720354,0.0,0.05686059385315874,0.0,0.8557253325756682,0.8542004463011985,0.23143052599574337,-0.39141299492525805,-0.4507092403537982,5578,0.056493039029753535,0.06292346507266787,0.06292346507266787,0.08889528064120424,0.09988931098395239,0.09988931098395239,0.605,0.07896175706315678,0.07896175706315683,0.07896175706315678,0.6,0.61,0.08528428093645485,5981,nan,20
