auc_regime,corr_mae,corr_mse,corr_mse_soft_exception,k,lambda_hash_round6,lambda_oriented_swapped,n_auc,n_corr,n_peak_delay,n_sep,n_smooth_mean,n_smooth_std,n_switch_band,n_switch_margin_gap,n_top10,passed_filters,peak_delay_base_window,peak_delay_lambda,reg1_top10_coverage,score,score_equal,score_gating,score_norm_auc,score_norm_corr_mse,score_norm_sep_mean,score_norm_smooth_mean_abs,score_norm_smooth_std,score_norm_top10,score_regime,sep_mean,sep_median,smooth_mask_count,smooth_mean_abs_diff,smooth_mean_abs_diff_far,smooth_mean_abs_diff_used,smooth_std_diff,smooth_std_diff_far,smooth_std_diff_used,switch_band_correct_rate,switch_margin_gap_signed,switch_margin_post_signed,switch_margin_pre_signed,switch_post_correct_rate,switch_pre_correct_rate,top10_in_reg1,valid_count,valid_ratio,window
0.6117642951812932,0.10494750028601474,0.09749290500111871,False,4,3161a634a599ab57e6ed46c898478943cffa9296,False,1.0,0.9858192647344349,0.045454545454545414,1.0,0.1458515594316616,0.23402060583257164,0.6375027478566718,0.630850328497582,0.15184476807565123,True,200,171.0,0.01,4.663315765849707,6.071599489354652,0.7976642041298396,1.0,0.9455525251749783,1.0,0.15484434950040354,0.23740469483715268,0.11001228501228501,0.7445079639090546,0.025447343611724793,0.1844088723030624,5518,0.015305410919917443,0.015137802337783482,0.015137802337783482,0.034824958570085184,0.03503794925953953,0.03503794925953953,0.655,0.08119898129846953,0.08119898129846953,0.08119898129846953,0.63,0.68,0.04054054054054054,5921,nan,80
0.5538792246520875,0.035732662073577025,0.024710299985699985,False,3,153d4995d1a83eba17ab7b169c27ddf6d72898d2,True,1.0,0.6599798627846726,1.0,0.8684702687151599,0.10042506290869187,0.16256385354509686,0.41327764343811824,0.35080653316588134,0.007239059402045881,True,200,150.0,0.0016666666666666668,4.1986442882597625,6.036784451052089,0.6567834672059796,0.8782193275012687,0.6513806685591731,0.8443688651364369,0.08162235158855488,0.11203760218394256,0.018335380835380836,0.6281657169895736,-0.03942910395439492,0.11215642970778986,5518,0.011002482901782644,0.01288939048883266,0.01288939048883266,0.02383487139651289,0.02979328622383715,0.02979328622383715,0.5275,-0.024549261695251123,-0.024549261695251068,-0.024549261695251123,0.555,0.5,0.006756756756756757,5921,nan,80
0.5425719381403811,0.005959021980922206,-0.0023767443903796974,True,2,135b8d05f9f8bbda5a666bb561352dc29d7fdd07,True,0.9948875900399913,0.5387142617771418,1.0,0.7583074081329068,0.0,0.0,0.9452626950978236,0.9841319617309168,0.08750998340045538,True,200,150.0,0.00625,4.165255149169608,7.308813900179236,0.7159531136692713,0.8544306555182799,0.5419005787402112,0.7486030852089611,0.018818043415531123,0.030086544322015667,0.06922541743970315,0.8703101489778359,-0.07935005939522072,0.14256805566983893,5478,0.007311755729565645,0.0074233199235336335,0.0074233199235336335,0.016650775069413596,0.017005314577549772,0.017005314577549772,0.83,0.2146028010550438,0.2146028010550438,0.2146028010550438,0.66,1.0,0.025510204081632654,5881,nan,120
0.5451388888888888,0.004919642274042892,-0.00434036281989557,True,2,17f651ecc9cfc63e60e8052c70eb29471dd4d44d,True,1.0,0.5299233665543693,1.0,0.7654808685247471,0.008190338983026227,0.006291214584609179,0.9540558364475707,0.9945738573898136,8.230229480981763e-05,True,200,150.0,0.00125,4.082576270974758,7.229634677643675,0.7075160762709745,0.8598310979046578,0.5339640494146487,0.7548390528079553,0.034367741396363206,0.04548833875768207,0.01379815100154083,0.8703912028524103,-0.07675053183079833,0.13164894460102194,5498,0.008225541654880165,0.008324177187509439,0.008324177187509439,0.01800094647320965,0.018323448779358226,0.018323448779358226,0.835,0.21854579903557114,0.21854579903557125,0.21854579903557114,0.67,1.0,0.005084745762711864,5901,nan,100
0.5095881212295318,0.0012830999717684702,0.0036024864725992894,False,8,8b42c6034356419ba691c8d6106045f2aa2266e6,True,0.9085229716714354,0.5654825947888539,0.0,0.8218703500782559,0.0956541705192397,0.18383769454695684,0.36931193668938217,0.56517674536992,0.12390733864483224,True,200,172.0,0.008333333333333333,4.07079840943466,5.074780072176482,0.5733969822054837,0.7850381270432287,0.5660673620495531,0.8038590460446573,0.06450272119519428,0.11196396109385524,0.09230055658627087,0.5848212801469446,-0.05631604085506614,0.1395504555556336,5478,0.009996439098274476,0.012653252291974589,0.012653252291974589,0.023828415778994062,0.03135470797836911,0.03135470797836911,0.5025,0.05639976723758883,0.05639976723758883,0.05639976723758883,0.54,0.465,0.034013605442176874,5881,nan,120
0.5440217031146455,0.01154918156688775,-0.0009691594345137219,True,2,73241258368a8ccc4e0b4cde1708f5b312ba2fe1,True,0.9986836455136457,0.5450158587056344,1.0,0.7652226435553147,0.03593882529249465,0.049526614440606534,1.0,1.0,0.0,True,200,150.0,0.0,4.0192954225074,7.223456708041494,0.7147929204416614,0.8574807226930612,0.5475897386668701,0.754614575016949,0.05878668189737309,0.08160293197210718,0.0,0.8825064479230728,-0.07684410771875128,0.1089699672729621,5518,0.009660533136285227,0.009697605256678524,0.009697605256678524,0.021166869198741334,0.02149676825162184,0.02149676825162184,0.8625,0.22614154847762935,0.22614154847762946,0.22614154847762935,0.725,1.0,0.0,5921,nan,80
0.5368343452885249,0.02450298668400903,0.007495799142305266,True,2,37e073ebf7bc07a9648756b83f42114bb7814081,True,0.9798643130692257,0.5829125105170925,1.0,0.7912790123035922,0.0912791627266301,0.11631368259636925,0.9936249725214333,1.0,0.007141681820447491,True,200,150.0,0.0016666666666666668,3.9761543452011114,7.147229644908792,0.7236052322910607,0.8423597033775131,0.5818033063207237,0.7772656614363469,0.1060694184406987,0.13747855303914605,0.018273645546372817,0.8786589705960796,-0.06740176816573057,0.07156536867832167,5538,0.012439127242544095,0.01243670864205473,0.01243670864205473,0.026065107910417527,0.02639869363174945,0.02639869363174945,0.8575,0.22272097632938453,0.22272097632938453,0.2227209763293846,0.715,1.0,0.006734006734006734,5941,nan,60
0.53136029756876,0.03283683026553493,0.014984208052689392,True,2,6db132725d81c7889924901173a9399221293406,True,0.9655311010117317,0.6164372611137211,1.0,0.798553148311788,0.14410250960811757,0.17294684438653482,0.9980215431963068,0.9953931346901019,0.007093238519349809,True,200,150.0,0.0016666666666666668,3.9110804954279073,7.063980072848348,0.7305175535615925,0.8308432068697172,0.6120698672908808,0.7835891474500682,0.14983394423733154,0.1838307154824787,0.018242933537051184,0.8760296259692631,-0.06476575764531683,0.0677195169023691,5548,0.015010971901541601,0.015051232061652388,0.015051232061652388,0.030128489258383767,0.030555359597211985,0.030555359597211985,0.86,0.21885516898582302,0.21885516898582302,0.21885516898582313,0.725,0.995,0.0067226890756302525,5951,nan,50
0.5216872601329214,0.04386187144109616,0.026375381799820075,True,2,f4bc9d33f862bbd93db5af7ae20b4edb995cae98,True,0.9402032807394767,0.6674342437098316,1.0,0.7878286190992365,0.22352499328067146,0.24075781324347262,0.9672455484721917,0.9810738032848703,0.09322607811668636,True,200,150.0,0.006666666666666667,3.85646021552226,6.972728766898149,0.7424680477008967,0.8104927262834065,0.6581105761871447,0.774266196875195,0.21776755528193156,0.24149102689420934,0.07284929835265405,0.86305085008483,-0.06865212597812204,0.044378684835137544,5558,0.019003125170683408,0.01898229580266041,0.01898229580266041,0.035183179731450416,0.035532435526276926,0.035532435526276926,0.8425,0.21344799995658426,0.21344799995658426,0.21344799995658426,0.725,0.96,0.026845637583892617,5961,nan,40
