target_index,alpha_shrunk,reliability,weighted_total_degree,ridge_total_degree,support_total_degree,val_correction_energy,val_correction_energy_share_pct,test_stage2_mse_gain_vs_best_single_pct,test_stage2_mae_gain_vs_best_single_pct,static_corridor_score,stress_corridor_score,overall_corridor_score
571,0.9717131059243964,0.8840917369185193,1.2032609628513455,27,516,5024.773965926983,0.5644043670962474,-0.5289879875265872,0.8399089857298898,0.3667826759474091,0.515661252900232,0.5230568445475638
836,0.967406811972326,0.8664462841880542,1.4080762472003698,35,637,4273.849890327162,0.48005732372669296,-0.5782907070376375,1.1992420076911403,0.38070378963650425,0.5359628770301624,0.5329176334106729
743,0.9663196024864772,0.86199133898362,3.5522878719493747,74,791,4114.624014945696,0.4621723840200681,1.9631554295116043,4.674470708921908,0.8031709203402939,0.8839907192575406,0.849477958236659
711,0.9620302007529276,0.8444151037396374,1.2760739186778665,30,443,3575.379574418565,0.4016021137492664,-0.10816186760502344,2.2639138345080387,0.36948955916473314,0.5174013921113689,0.5230568445475638
742,0.9583387733118734,0.8292891255449184,3.4684588396921754,77,733,3200.209279230263,0.35946136185775274,0.36524447497334167,3.4238085136063647,0.6434648105181747,0.8700696055684455,0.7276682134570766
555,0.9569470334631508,0.8235863379537612,2.2713920176029205,45,838,3075.4630605002612,0.34544932646921817,2.0504520987697945,2.3414237908926836,0.6836813611755607,0.6925754060324827,0.7575406032482599
520,0.9560454071532376,0.8198918376225727,2.787702255882323,71,708,2998.863955375936,0.33684538333844327,-0.18002074952332414,2.245377502317943,0.546983758700696,0.7824825986078886,0.6547273781902553
524,0.9559551356995468,0.8195219416780003,0.8737741746008396,18,175,2991.3675103357427,0.33600335017494726,-0.48368978414515795,0.9282252007991938,0.35556844547563804,0.4953596287703016,0.5108758700696056
567,0.9534199913169692,0.8091339442803364,23.235098098404706,458,1184,2792.7066463120977,0.3136889018064476,3.4598809799929056,4.992391798924816,0.9439288476411445,0.9854988399071926,0.9518561484918793
477,0.950659909068896,0.797824242392207,1.5765811689198017,26,729,2599.6312317028196,0.29200183529891127,1.0412416412037773,2.041944513945416,0.4965197215777262,0.5556844547563805,0.6160092807424594
700,0.9485928935941192,0.7893544481191566,2.6286198180168867,55,880,2468.6150053472657,0.2772855255072721,0.6829521310227145,1.946032906326009,0.5935808197989173,0.7569605568445475,0.6882250580046404
788,0.947588782828896,0.7852400078972165,1.17248809710145,32,656,2408.6995752136686,0.2705555649850352,2.1049808197607023,3.4021879736627207,0.5607115235885538,0.5005800464037123,0.6629930394431555
142,0.9457908493335334,0.7778728028577899,1.362999401986599,25,525,2306.9620339283038,0.2591279638653694,-1.8897754794772694,1.712459619097253,0.3725831399845321,0.5179814385150812,0.5207366589327147
115,0.9446376473485756,0.773147447055158,2.080085812136531,44,900,2245.1856186331415,0.2521889694324708,1.629719091786693,2.7473265524044828,0.6140757927300852,0.6421113689095128,0.701276102088167
787,0.9429710778062624,0.7683029649218343,1.757123650982976,46,673,2184.4677095221223,0.24536887099707977,3.0207234626020765,3.571513409386837,0.6612529002320185,0.5759860788863109,0.7357888631090487
269,0.9423561107887668,0.7637986320492582,2.5330177024006844,66,677,2130.2475002605765,0.23927862234119954,-0.6022493921029413,2.114202687380357,0.5160479505027069,0.7308584686774942,0.6263051044083527
352,0.9414795286048592,0.7602067524277857,2.361344820819795,39,706,2088.4706193715783,0.2345860622027137,0.7943991716875094,1.392105440579825,0.5699922660479505,0.6937354988399071,0.6661832946635731
305,0.9399077354738156,0.7537661792331553,2.6895267786458135,76,654,2016.6128943887556,0.22651469141769487,0.27788327563147264,0.6980863376469153,0.5699922660479505,0.7587006960556845,0.6656032482598608
857,0.9376328798297144,0.7444447399205142,2.251232017762959,66,1042,1919.027674602206,0.21555349702665225,6.412241447370477,5.402136386333134,0.7822892498066513,0.6763341067285382,0.824245939675174
140,0.9353854423748048,0.7385235335852256,1.1568168122321367,36,716,1860.6527463195418,0.20899657234206342,2.577189176623119,2.6337284753344727,0.588553750966744,0.48781902552204176,0.6780742459396751
597,0.9349340445922628,0.7333860035360945,3.5451135961338878,66,883,1812.1046260118726,0.20354343727533858,4.377592018978176,5.8461108781880915,0.8870843000773396,0.8596287703016241,0.9011020881670533
198,0.9329714970486532,0.7253442766364692,2.154659852385521,40,682,1739.759159995426,0.1954172813057013,0.5073916217374951,1.528409292051881,0.5131477184841454,0.648491879350348,0.6197795823665894
745,0.9326951382314236,0.724211869861561,4.227401794865727,83,853,1729.9106204777831,0.1943110507068783,2.0139773115969555,2.904194027171316,0.8252126836813612,0.8967517401392111,0.8532482598607889
114,0.9317337615197058,0.7202725365249145,2.5328639410436153,44,701,1696.2714211429266,0.1905325501934305,0.20564128014474334,4.124676509258713,0.5433101314771848,0.7175174013921114,0.6403712296983758
554,0.9295930994152096,0.7115009681189476,4.160423723980784,75,1048,1624.6683938989963,0.18248978816118247,-0.49555468394795044,4.750973469386495,0.627030162412993,0.8880510440835266,0.7022911832946637
835,0.928744539495548,0.7080239124144341,2.927737689577043,69,1012,1597.4756144644712,0.1794353774413364,2.318250534443276,2.9165138854307004,0.7668213457076565,0.775522041763341,0.8068445475638051
688,0.9266677843194906,0.6995142087806977,1.8002221435308456,31,756,1533.579153246092,0.17225825027139888,-0.12778387579213565,2.530136399548443,0.4112529002320185,0.5638051044083527,0.5395881670533643
696,0.925974411261944,0.6966730461365092,1.8831087732687593,37,593,1513.0441513167327,0.16995166994642258,1.6221988232343802,2.5620625419462244,0.5777262180974478,0.5771461716937355,0.6638631090487239
229,0.9236985646426056,0.6873475462077326,2.783701233100146,47,825,1448.2653549223041,0.16267543506935597,1.127425577320028,1.677719178998973,0.6461716937354988,0.7470997679814385,0.7131670533642691
164,0.923696801426504,0.6873403212605461,1.5482177641242743,27,635,1448.2166655075239,0.16266996606348236,1.0897535462909733,1.8745058128122658,0.491492652745553,0.5191415313225058,0.5968677494199536
383,0.9229526560953822,0.6842911143529228,2.0580668840557337,40,941,1427.8667875535436,0.16038417966493274,0.7245092490572363,1.0825331101709406,0.5166279969064191,0.6107888631090487,0.6145591647331787
476,0.922832573384236,0.6837990639200309,1.5135552417486906,26,585,1424.619705538208,0.16001945335441561,1.2041918822784001,1.5622862020352564,0.4996133023975251,0.5139211136890951,0.601508120649652
