rank_type,split,sample_id,fold,gamma,gamma_rank_pct,lambda_value,lambda_rank_pct,gamma_ordinal_rank_pct,anchor_mse,stage3_mse,mse_gain,mse_gain_pct,sse_gain,err_dot_dyn,dyn_sq
best_sse_gain,val,1599,4,0.05217341333627701,0.9843467790487658,0.9843468070030212,0.9843467790487658,0.9843467790487658,0.46173699730072654,0.4095915379168295,0.05214545938389703,11.293324920622508,4315.141054936248,24564.915380406364,74520.70967080179
best_sse_gain,val,1600,4,0.050668276846408844,0.9813365442504516,0.9813365340232849,0.9813365442504516,0.9813365442504516,0.4847647293429972,0.4387724151086553,0.04599231423434191,9.487553745231303,3805.9559875202613,22098.939004605127,65527.14839254902
best_sse_gain,val,1589,4,0.04404575377702713,0.9680915111378687,0.9680914878845215,0.9680915111378687,0.9680915111378687,0.4594465348574359,0.416783286383746,0.04266324847368991,9.285791759628378,3530.4691376947885,23018.573882508743,67655.27316971119
best_sse_gain,val,1586,4,0.04645396023988724,0.9729078868151716,0.9729079008102417,0.9729078868151716,0.9729078868151716,0.4495157378582003,0.4086235240595908,0.04089221379860952,9.096948194394244,3383.912476262536,20965.020608465526,59282.60804970206
best_sse_gain,val,1593,4,0.047658033668994904,0.975316074653823,0.975316047668457,0.975316074653823,0.975316074653823,0.4620095822324695,0.42169662808395464,0.04031295414851488,8.725566676283913,3335.9775816979018,20292.39904737937,58601.74114893343
best_sse_gain,val,1588,4,0.045249857008457184,0.9704996989765202,0.9704996943473816,0.9704996989765202,0.9704996989765202,0.45334245290366454,0.4137312490593781,0.03961120384428646,8.737589782420807,3277.9063405223933,21051.695688966145,65009.23700577101
best_sse_gain,val,1585,4,0.04705599695444107,0.9741119807344973,0.9741119742393494,0.9741119807344973,0.9741119807344973,0.4375304462810291,0.3981783145804722,0.0393521317005569,8.994147043947825,3256.467602484481,19983.640297371618,57009.03501590056
best_sse_gain,val,1597,4,0.05458158999681473,0.9891631547260686,0.9891631603240967,0.9891631547260686,0.9891631547260686,0.5070268976585774,0.4682530926006742,0.03877380505790323,7.647287596961531,3208.6099161516104,17016.88050927899,42514.112201519485
best_sse_gain,val,1601,4,0.04916317015886307,0.9783263094521373,0.9783263206481934,0.9783263094521373,0.9783263094521373,0.4620352297843417,0.42623018598182344,0.035805043802518255,7.749418549583442,2962.9389847459897,17516.15732843798,49819.700122734874
best_sse_gain,val,1583,4,0.04886213690042496,0.9777242624924745,0.9777242541313171,0.9777242624924745,0.9777242624924745,0.41058206297593897,0.37481140556894876,0.0357706574069902,8.712182200001866,2960.0934417432545,18019.77168899192,58831.70481151724
best_sse_gain,val,1590,4,0.04374475032091141,0.9674894641782059,0.96748948097229,0.9674894641782059,0.9674894641782059,0.4593653618039393,0.42434608814535674,0.03501927365858254,7.623403192844357,2897.914933795022,18928.40691674295,54107.19533932324
best_sse_gain,val,1594,4,0.0497652068734169,0.979530403371463,0.979530394077301,0.979530403371463,0.979530403371463,0.4776666668393136,0.44426083565122687,0.03340583118808671,6.9935445588302665,2764.3993424765504,16026.41691677012,42986.01198967814
best_sse_gain,val,1587,4,0.045550890266895294,0.971101745936183,0.9711017608642578,0.971101745936183,0.971101745936183,0.4530944352300293,0.4199250877190876,0.033169347510941694,7.3206256647363395,2744.8298452254458,17252.17780352069,48024.18626739051
best_sse_gain,val,1598,4,0.053377486765384674,0.9867549668874173,0.9867549538612366,0.9867549668874173,0.9867549668874173,0.5019875676582022,0.46910476480725355,0.032882802850948634,6.550521361385224,2721.1177015217036,14627.147893219733,35266.92269980964
best_sse_gain,val,1591,4,0.044948823750019073,0.9698976520168573,0.9698976278305054,0.9698976520168573,0.9698976520168573,0.45658669455679723,0.4240292780482557,0.03255741650854155,7.130610001709448,2694.1913309148295,17208.155420650033,49464.79547395715
best_sse_gain,val,1592,4,0.04585189372301102,0.9717037928958459,0.9717037677764893,0.9717037928958459,0.9717037928958459,0.4536091763599346,0.42209666564928466,0.03151251071064992,6.947061998067924,2607.723286327702,16382.214905754838,47196.03146502628
best_sse_gain,val,1582,4,0.04946417361497879,0.9789283564118001,0.9789283275604248,0.9789283564118001,0.9789283564118001,0.40085659671379603,0.3700466153452133,0.030809981368582706,7.6860357597109585,2549.587578212955,15279.87758510123,48395.55594691821
best_sse_gain,val,1584,4,0.04856110364198685,0.9771222155328115,0.9771221876144409,0.9771222155328115,0.9771222155328115,0.4261689009658136,0.3955711906030862,0.030597710362727404,7.179714496619708,2532.0217279364188,15105.902025044292,42640.4296130199
best_sse_gain,val,1581,4,0.05006624013185501,0.9801324503311258,0.9801324605941772,0.9801324503311258,0.9801324503311258,0.3804619595191601,0.3519773150365079,0.0284846444826522,7.486857429492293,2357.1613002284357,14290.584409962577,50340.730835600785
best_sse_gain,val,1577,4,0.053678520023822784,0.9873570138470801,0.9873570203781128,0.9873570138470801,0.9873570138470801,0.3971179064349891,0.3739009757311487,0.0232169307038404,5.8463570460127725,1921.2474496042014,11318.390355035974,44160.23774050439
best_sse_gain,val,1596,4,0.05428055673837662,0.9885611077664058,0.9885610938072205,0.9885611077664058,0.9885611077664058,0.4535192605184467,0.4337550383028239,0.019764222215622795,4.357967552034958,1635.528916787218,9245.36469967367,31551.039090492468
best_sse_gain,val,1569,4,0.04434678703546524,0.9686935580975317,0.9686935544013977,0.9686935580975317,0.9686935580975317,0.34243118408576945,0.32281315409324113,0.01961802999252832,5.729043061573081,1623.431217941703,11053.9759706112,42890.727398812654
best_sse_gain,val,1571,4,0.051270343363285065,0.9825406381697772,0.9825406670570374,0.9825406381697772,0.9825406381697772,0.3404642367996317,0.3211063331474634,0.01935790365216833,5.685737754465161,1601.9052430242336,9951.764537262015,41753.04932649804
best_sse_gain,val,1570,4,0.047959066927433014,0.9759181216134859,0.9759181141853333,0.9759181216134859,0.9759181216134859,0.33830029662151007,0.31910727722502336,0.01919301939648671,5.673367593277589,1588.2607410980672,10320.44843285042,42561.22745642178
best_sse_gain,val,1568,4,0.042540647089481354,0.9650812763395545,0.9650812745094299,0.9650812763395545,0.9650812763395545,0.33648497743029593,0.31775076077000425,0.01873421666029168,5.567623494921862,1550.2938970724572,10949.539575640063,43226.35627402238
best_sse_gain,val,1572,4,0.053979553282260895,0.9879590608067429,0.987959086894989,0.9879590608067429,0.9879590608067429,0.32922059168002443,0.3107915153144924,0.018429076365532038,5.597789698234792,1525.0429274005073,9255.873207601077,40623.065106849455
best_sse_gain,val,1567,4,0.04163757711648941,0.963275135460566,0.963275134563446,0.963275135460566,0.963275135460566,0.33517314975859014,0.3175659139029275,0.01760723585566265,5.253176117581118,1457.0339815277948,10364.363458025096,38812.34341791105
best_sse_gain,val,1579,4,0.0518723800778389,0.983744732089103,0.983744740486145,0.983744732089103,0.983744732089103,0.3544462285168802,0.33689950328092405,0.01754672523595613,4.950461825867752,1452.0266067258417,8802.140551974639,34778.98119082787
best_sse_gain,val,1602,4,0.048260100185871124,0.9765201685731487,0.9765201807022095,0.9765201685731487,0.9765201685731487,0.43132556175346476,0.41417723258919126,0.0171483291642735,3.9757275443079516,1419.058535001961,9124.446015726702,36745.67436650693
best_sse_gain,val,1573,4,0.056387729942798615,0.9927754364840458,0.9927754402160645,0.9927754364840458,0.9927754364840458,0.32241090772080805,0.3052649697180726,0.01714593800273545,5.318039058896539,1418.8606616023644,8524.330349565282,39612.976322602786
best_sse_gain,val,1574,4,0.05729079991579056,0.9945815773630343,0.9945815801620483,0.9945815773630343,0.9945815773630343,0.32059387027151,0.30382905220576567,0.016764818065744314,5.229300875761049,1387.32222457647,8208.605111180741,37610.64289198433
best_sse_gain,val,1566,4,0.0413365438580513,0.962673088500903,0.9626730680465698,0.962673088500903,0.962673088500903,0.32847940769160083,0.312109254523792,0.01637015316780882,4.983616258580889,1354.6629149425135,9890.767706725683,41074.512462930084
best_sse_gain,val,1578,4,0.05247441679239273,0.9849488260084287,0.9849488139152527,0.9849488260084287,0.9849488260084287,0.34441196754678643,0.32918497269407215,0.015226994852714282,4.421157302161918,1260.06427805181,7889.613328231094,35948.601008609054
best_sse_gain,val,1557,4,0.034714050590991974,0.9494280553883203,0.9494280815124512,0.9494280553883203,0.9494280553883203,0.397871821944542,0.3830780996110199,0.014793722333522108,3.7182131323650647,1224.2101105436232,10203.612641273025,39961.483802659866
best_sse_gain,val,1560,4,0.037122227251529694,0.9542444310656231,0.9542444348335266,0.9542444310656231,0.9542444310656231,0.3546136513311352,0.33995285446191364,0.01466079686922156,4.1343013203773795,1213.210262521825,9523.845515268144,36459.806385656455
best_sse_gain,val,1575,4,0.056688763201236725,0.9933774834437086,0.9933775067329407,0.9933774834437086,0.9933774834437086,0.3234819828377429,0.30971952151490434,0.013762461322838537,4.254475381320303,1138.8711993875368,6989.659117138139,34701.51228370044
best_sse_gain,val,1559,4,0.03621915727853775,0.9524382901866345,0.9524382948875427,0.9524382901866345,0.9524382901866345,0.3811972128115324,0.3679354145319563,0.013261798279576131,3.478986160933158,1097.4403312314826,8958.017317045162,38184.71626663122
best_sse_gain,val,1561,4,0.03772426396608353,0.9554485249849488,0.9554485082626343,0.9554485249849488,0.9554485249849488,0.3358931767252346,0.32325344453618865,0.01263973218904596,3.763021420165805,1045.9631181079312,8325.744809803864,36955.2897861386
best_sse_gain,val,1576,4,0.05578569322824478,0.99157134256472,0.9915713667869568,0.99157134256472,0.99157134256472,0.3328773602600529,0.3205362742601053,0.012341085999947599,3.707397219896963,1021.2495486676635,6411.693813709072,32894.26858263414
best_sse_gain,val,1565,4,0.040132470428943634,0.9602649006622517,0.9602649211883545,0.9602649006622517,0.9602649006622517,0.31900221474233975,0.30669205227581187,0.012310162466527885,3.858958307380683,1018.690564430115,7898.5350096363845,38690.23604574097
best_sse_gain,val,1563,4,0.03922940045595169,0.9584587597832631,0.9584587812423706,0.9584587597832631,0.9584587597832631,0.32127438216687604,0.3090997346146326,0.012174647552243456,3.7894859434885513,1007.4764342432463,7934.089422039067,38585.153752284394
best_sse_gain,val,1595,4,0.05277545005083084,0.9855508729680915,0.9855508804321289,0.9855508729680915,0.9855508729680915,0.4711273604056124,0.45916821984042344,0.011959140565188986,2.5384092647246983,989.6428000505184,6266.15040247905,29903.3349040173
best_sse_gain,val,1558,4,0.03561712056398392,0.9512341962673089,0.9512342214584351,0.9512341962673089,0.9512341962673089,0.40608548378399345,0.394158908542178,0.011926575241815451,2.936961728028545,986.9479544107126,8322.689148641437,39172.35218283708
best_sse_gain,val,1564,4,0.039831437170505524,0.9596628537025887,0.9596628546714783,0.9596628537025887,0.9596628537025887,0.3211922439796292,0.3096383782261988,0.011553865753430426,3.5971808068202296,956.1054988278738,7528.680880809096,38354.95787242537
best_sse_gain,val,1556,4,0.03260687738656998,0.9452137266706803,0.9452137351036072,0.9452137266706803,0.9452137266706803,0.37674941298296855,0.36541369317155836,0.011335719811410183,3.008822156259771,938.0534858338178,8432.1885993638,38030.14187014777
best_sse_gain,val,1562,4,0.03862733393907547,0.9572546658639374,0.9572546482086182,0.9572546658639374,0.9572546658639374,0.3278448611787437,0.3181056129497367,0.009739248229006958,2.97068808520901,805.942269446783,6488.342323635204,32935.296430760834
best_sse_gain,val,1580,4,0.050969310104846954,0.9819385912101144,0.9819386005401611,0.9819385912101144,0.9819385912101144,0.38570146941624556,0.3766587122323119,0.009042757183933658,2.344496430780977,748.3062424848758,5155.267935911456,29133.048534872923
best_sse_gain,val,1611,4,0.029295602813363075,0.938591210114389,0.9385911822319031,0.938591210114389,0.938591210114389,0.386605775523784,0.3812211804270692,0.005384595096714795,1.3927870294797327,445.5860134433424,4829.660143331378,35061.95277438356
best_sse_gain,val,1610,4,0.03350994735956192,0.9470198675496688,0.9470198750495911,0.9470198675496688,0.9470198675496688,0.3869072289590356,0.3817665707191219,0.00514065823991372,1.328653965381969,425.39975066933766,4312.909771491153,33996.68567763664
best_sse_gain,val,1604,4,0.04464782029390335,0.9692956050571945,0.9692956209182739,0.9692956050571945,0.9692956050571945,0.40065965010173676,0.39644001705734944,0.0042196330443873276,1.0531714494623716,349.1830736891425,3297.0364582575367,30053.619777694847
best_sse_gain,val,1622,4,0.009999999776482582,0.45003010234798313,0.8512943983078003,0.8512944009632751,0.876580373269115,0.426868011284197,0.42297096938561274,0.0038970418985842525,0.9129383780387584,322.4880111916427,8477.937869012168,41573.74183094279
best_sse_gain,val,878,3,0.009999999776482582,0.45003010234798313,0.5291993021965027,0.5291992775436484,0.5291992775436484,0.5604236298330946,0.5565335542283656,0.003890075604728982,0.6941312602909918,321.91153644253063,8295.719830800854,24793.12453971574
best_sse_gain,val,1621,4,0.009999999776482582,0.45003010234798313,0.8549066781997681,0.8549066827212523,0.8759783263094522,0.43946354334840065,0.435857580192567,0.003605963155833669,0.8205374963208065,298.40066307154484,7853.848594191818,39383.185946165315
best_sse_gain,val,877,3,0.009999999776482582,0.45003010234798313,0.5285972356796265,0.5285972305839856,0.5285972305839856,0.5466339989267651,0.5430754315087846,0.0035585674179805515,0.6509963567885041,294.4785709727221,7566.553048115543,20458.861381768682
best_sse_gain,val,1261,4,0.034413017332553864,0.9488260084286574,0.948826014995575,0.9488260084286574,0.9488260084286574,0.3321912073565575,0.32877814787406284,0.0034130594824946514,1.0274382364465304,282.43749829539956,3023.188574832314,28226.728824977035
best_sse_gain,val,1619,4,0.009999999776482582,0.45003010234798313,0.8705599308013916,0.8705599036724865,0.8747742323901264,0.417638141062473,0.41446609194737527,0.0031720491150977193,0.7595209352833566,262.4934083725675,6963.23553364205,40090.01866090265
best_sse_gain,val,1618,4,0.009999999776482582,0.45003010234798313,0.8826008439064026,0.8826008428657435,0.8741721854304636,0.4346931203808743,0.4315688120481427,0.00312430833273164,0.718738849603635,258.5427631502098,6882.575064499174,41900.58506374401
best_sse_gain,val,876,3,0.009999999776482582,0.45003010234798313,0.5279951691627502,0.5279951836243227,0.5279951836243227,0.5450136186845053,0.5420465777992288,0.0029670408852764396,0.5443975679796701,245.52856733839144,6294.985541650176,15677.122449477283
best_sse_gain,val,1264,4,0.03170380741357803,0.9434075857916917,0.9434075951576233,0.9434075857916917,0.9434075857916917,0.33875750745649325,0.3358064642297513,0.002951043226741945,0.8711373657515026,244.20472909935052,2961.17813147873,32661.837820728717
best_sse_gain,val,1623,4,0.009999999776482582,0.45003010234798313,0.8452739119529724,0.8452739313666466,0.8771824202287778,0.4086150179757273,0.4056666013055487,0.0029484166701785886,0.7215634620540872,243.9873762906209,6514.431925000877,41474.739066720365
best_sse_gain,val,1617,4,0.009999999776482582,0.45003010234798313,0.891631543636322,0.8916315472606864,0.8735701384708007,0.4310597216067948,0.42814008311984664,0.0029196384869481506,0.6773164692968912,241.60592407193326,6418.653501878766,37850.52735328969
best_sse_gain,val,882,3,0.009999999776482582,0.45003010234798313,0.531607449054718,0.5316074653822999,0.5316074653822999,0.4804782608450388,0.4775931276163824,0.0028851332286564113,0.6004711271603,238.7505449377786,6180.112615244009,21134.886311124792
best_sse_gain,val,879,3,0.009999999776482582,0.45003010234798313,0.5298013091087341,0.5298013245033113,0.5298013245033113,0.5763265269370654,0.5735642577629619,0.0027622691741034933,0.4792889178264619,228.58329869541922,5898.816929829975,18423.433883144444
best_sse_gain,val,1265,4,0.03049970604479313,0.9409993979530403,0.9409993886947632,0.9409993979530403,0.9409993979530403,0.3206091577295343,0.3178801395087975,0.0027290182207367897,0.8511978385342903,225.83171580240742,2781.3285230989613,30499.672467690572
highest_gamma,val,1485,4,0.06000000238418579,1.0,1.0,1.0,1.0,0.48856084186037885,0.49750807886233794,-0.008947237001959096,-1.8313455020032166,-740.4017563861198,-1953.174184358526,18863.882772579702
highest_gamma,val,1486,4,0.05969897657632828,0.9993979530403372,0.9993979334831238,0.9993979530403372,0.9993979530403372,0.5073837987247503,0.5203079635117912,-0.012924164787040948,-2.547216686761446,-1069.5004844572177,-3347.91502940981,18941.815387142513
highest_gamma,val,1484,4,0.059397973120212555,0.9987959060806743,0.9987959265708923,0.9987959060806743,0.9987959060806743,0.4775687450191084,0.4866226324350154,-0.009053887415907014,-1.89582913671303,-749.2272914411369,-2016.4122188301099,19142.21715649811
highest_gamma,val,1487,4,0.059096939861774445,0.9981938591210114,0.9981938600540161,0.9981938591210114,0.9981938591210114,0.5059436289176736,0.519162788739293,-0.013219159821619364,-2.612773254976666,-1093.9119135586516,-3482.527011756847,19376.46120315648
highest_gamma,val,1483,4,0.058795906603336334,0.9975918121613486,0.9975917935371399,0.9975918121613486,0.9975918121613486,0.4802332842152575,0.491022846427646,-0.01078956221238847,-2.2467335286889876,-892.8578521995732,-2627.242333291964,19885.505002859012
highest_gamma,val,1488,4,0.05849490314722061,0.9969897652016857,0.9969897866249084,0.9969897652016857,0.9969897652016857,0.5344965804364504,0.5459935188769218,-0.011496938440471394,-2.150984470486867,-951.3946498258811,-2987.8708770161406,18433.61442330519
highest_gamma,val,1489,4,0.0581938698887825,0.9963877182420229,0.9963877201080322,0.9963877182420229,0.9963877182420229,0.5394995256131412,0.5520902141706903,-0.012590688557549079,-2.333771942290359,-1041.9046595143082,-3400.5020770455653,18481.411436353093
highest_gamma,val,1482,4,0.05789283663034439,0.9957856712823601,0.995785653591156,0.9957856712823601,0.9957856712823601,0.4717576813395946,0.4821985446701366,-0.010440863330542005,-2.2131835354316474,-864.0023223290118,-2572.288997157723,20015.47426388884
highest_gamma,val,1490,4,0.05759183317422867,0.9951836243226971,0.9951836466789246,0.9951836243226971,0.9951836243226971,0.5416314413771067,0.5548163150133304,-0.01318487363622367,-2.4342888224326336,-1091.0746631447764,-3674.451482973816,18436.418867881817
highest_gamma,val,1574,4,0.05729079991579056,0.9945815773630343,0.9945815801620483,0.9945815773630343,0.9945815773630343,0.32059387027151,0.30382905220576567,0.016764818065744314,5.229300875761049,1387.32222457647,8208.605111180741,37610.64289198433
highest_gamma,val,1491,4,0.05698976665735245,0.9939795304033715,0.9939795136451721,0.9939795304033715,0.9939795304033715,0.5418668210011595,0.5531871296173805,-0.01132030861622102,-2.08913116239623,-936.778178609522,-3088.6230616204193,17911.82861207817
highest_gamma,val,1575,4,0.056688763201236725,0.9933774834437086,0.9933775067329407,0.9933774834437086,0.9933774834437086,0.3234819828377429,0.30971952151490434,0.013762461322838537,4.254475381320303,1138.8711993875368,6989.659117138139,34701.51228370044
highest_gamma,val,1573,4,0.056387729942798615,0.9927754364840458,0.9927754402160645,0.9927754364840458,0.9927754364840458,0.32241090772080805,0.3052649697180726,0.01714593800273545,5.318039058896539,1418.8606616023644,8524.330349565282,39612.976322602786
highest_gamma,val,1492,4,0.056086696684360504,0.9921733895243829,0.9921733736991882,0.9921733895243829,0.9921733895243829,0.5306907543974841,0.5413730985730372,-0.010682344175553027,-2.0129131866412764,-883.985345215362,-2965.2310578140928,17384.371159684244
highest_gamma,val,1576,4,0.05578569322824478,0.99157134256472,0.9915713667869568,0.99157134256472,0.99157134256472,0.3328773602600529,0.3205362742601053,0.012341085999947599,3.707397219896963,1021.2495486676635,6411.693813709072,32894.26858263414
highest_gamma,val,1493,4,0.05548465996980667,0.9909692956050572,0.9909693002700806,0.9909692956050572,0.9909692956050572,0.5229274641851599,0.5337882367191125,-0.010860772533952567,-2.076917599054799,-898.7506487296487,-3069.1176327457283,17670.253281509114
highest_gamma,val,1481,4,0.05518362671136856,0.9903672486453944,0.9903672337532043,0.9903672486453944,0.9903672486453944,0.45800368131550095,0.47020403209853157,-0.012200350783030611,-2.663810637501462,-1009.6034279973464,-3249.2516534366614,24003.2125283752
highest_gamma,val,1494,4,0.05488262325525284,0.9897652016857315,0.9897652268409729,0.9897652016857315,0.9897652016857315,0.5287161937620154,0.5366656121326175,-0.007949418370602146,-1.5035322285173511,-657.8302690040655,-2063.8593377000384,16993.962046699417
highest_gamma,val,1597,4,0.05458158999681473,0.9891631547260686,0.9891631603240967,0.9891631547260686,0.9891631547260686,0.5070268976585774,0.4682530926006742,0.03877380505790323,7.647287596961531,3208.6099161516104,17016.88050927899,42514.112201519485
highest_gamma,val,1596,4,0.05428055673837662,0.9885611077664058,0.9885610938072205,0.9885611077664058,0.9885611077664058,0.4535192605184467,0.4337550383028239,0.019764222215622795,4.357967552034958,1635.528916787218,9245.36469967367,31551.039090492468
highest_gamma,val,1572,4,0.053979553282260895,0.9879590608067429,0.987959086894989,0.9879590608067429,0.9879590608067429,0.32922059168002443,0.3107915153144924,0.018429076365532038,5.597789698234792,1525.0429274005073,9255.873207601077,40623.065106849455
highest_gamma,val,1577,4,0.053678520023822784,0.9873570138470801,0.9873570203781128,0.9873570138470801,0.9873570138470801,0.3971179064349891,0.3739009757311487,0.0232169307038404,5.8463570460127725,1921.2474496042014,11318.390355035974,44160.23774050439
highest_gamma,val,1598,4,0.053377486765384674,0.9867549668874173,0.9867549538612366,0.9867549668874173,0.9867549668874173,0.5019875676582022,0.46910476480725355,0.032882802850948634,6.550521361385224,2721.1177015217036,14627.147893219733,35266.92269980964
highest_gamma,val,1495,4,0.05307648330926895,0.9861529199277543,0.9861529469490051,0.9861529199277543,0.9861529199277543,0.5242177737016411,0.5302167636091039,-0.005998989907462726,-1.144369803622312,-496.42841282235895,-1463.802284164175,16475.599088903622
highest_gamma,val,1595,4,0.05277545005083084,0.9855508729680915,0.9855508804321289,0.9855508729680915,0.9855508729680915,0.4711273604056124,0.45916821984042344,0.011959140565188986,2.5384092647246983,989.6428000505184,6266.15040247905,29903.3349040173
highest_gamma,val,1578,4,0.05247441679239273,0.9849488260084287,0.9849488139152527,0.9849488260084287,0.9849488260084287,0.34441196754678643,0.32918497269407215,0.015226994852714282,4.421157302161918,1260.06427805181,7889.613328231094,35948.601008609054
highest_gamma,val,1599,4,0.05217341333627701,0.9843467790487658,0.9843468070030212,0.9843467790487658,0.9843467790487658,0.46173699730072654,0.4095915379168295,0.05214545938389703,11.293324920622508,4315.141054936248,24564.915380406364,74520.70967080179
highest_gamma,val,1579,4,0.0518723800778389,0.983744732089103,0.983744740486145,0.983744732089103,0.983744732089103,0.3544462285168802,0.33689950328092405,0.01754672523595613,4.950461825867752,1452.0266067258417,8802.140551974639,34778.98119082787
highest_gamma,val,1480,4,0.05157134681940079,0.9831426851294401,0.9831426739692688,0.9831426851294401,0.9831426851294401,0.4533246808324858,0.46400065228205395,-0.010675971449568167,-2.355038651317816,-883.4579893946648,-3019.681423068412,24490.66251252646
highest_gamma,val,1571,4,0.051270343363285065,0.9825406381697772,0.9825406670570374,0.9825406381697772,0.9825406381697772,0.3404642367996317,0.3211063331474634,0.01935790365216833,5.685737754465161,1601.9052430242336,9951.764537262015,41753.04932649804
highest_gamma,val,1580,4,0.050969310104846954,0.9819385912101144,0.9819386005401611,0.9819385912101144,0.9819385912101144,0.38570146941624556,0.3766587122323119,0.009042757183933658,2.344496430780977,748.3062424848758,5155.267935911456,29133.048534872923
highest_gamma,val,1600,4,0.050668276846408844,0.9813365442504516,0.9813365340232849,0.9813365442504516,0.9813365442504516,0.4847647293429972,0.4387724151086553,0.04599231423434191,9.487553745231303,3805.9559875202613,22098.939004605127,65527.14839254902
highest_gamma,val,1496,4,0.050367243587970734,0.9807344972907887,0.9807344675064087,0.9807344972907887,0.9807344972907887,0.5242750517491578,0.5268948209583434,-0.0026197692091856073,-0.49969366279115834,-216.79114159852907,-197.70636390714125,17438.831585562486
highest_gamma,val,1581,4,0.05006624013185501,0.9801324503311258,0.9801324605941772,0.9801324503311258,0.9801324503311258,0.3804619595191601,0.3519773150365079,0.0284846444826522,7.486857429492293,2357.1613002284357,14290.584409962577,50340.730835600785
highest_gamma,val,1594,4,0.0497652068734169,0.979530403371463,0.979530394077301,0.979530403371463,0.979530403371463,0.4776666668393136,0.44426083565122687,0.03340583118808671,6.9935445588302665,2764.3993424765504,16026.41691677012,42986.01198967814
highest_gamma,val,1582,4,0.04946417361497879,0.9789283564118001,0.9789283275604248,0.9789283564118001,0.9789283564118001,0.40085659671379603,0.3700466153452133,0.030809981368582706,7.6860357597109585,2549.587578212955,15279.87758510123,48395.55594691821
highest_gamma,val,1601,4,0.04916317015886307,0.9783263094521373,0.9783263206481934,0.9783263094521373,0.9783263094521373,0.4620352297843417,0.42623018598182344,0.035805043802518255,7.749418549583442,2962.9389847459897,17516.15732843798,49819.700122734874
highest_gamma,val,1583,4,0.04886213690042496,0.9777242624924745,0.9777242541313171,0.9777242624924745,0.9777242624924745,0.41058206297593897,0.37481140556894876,0.0357706574069902,8.712182200001866,2960.0934417432545,18019.77168899192,58831.70481151724
highest_gamma,val,1584,4,0.04856110364198685,0.9771222155328115,0.9771221876144409,0.9771222155328115,0.9771222155328115,0.4261689009658136,0.3955711906030862,0.030597710362727404,7.179714496619708,2532.0217279364188,15105.902025044292,42640.4296130199
highest_gamma,val,1602,4,0.048260100185871124,0.9765201685731487,0.9765201807022095,0.9765201685731487,0.9765201685731487,0.43132556175346476,0.41417723258919126,0.0171483291642735,3.9757275443079516,1419.058535001961,9124.446015726702,36745.67436650693
highest_gamma,val,1570,4,0.047959066927433014,0.9759181216134859,0.9759181141853333,0.9759181216134859,0.9759181216134859,0.33830029662151007,0.31910727722502336,0.01919301939648671,5.673367593277589,1588.2607410980672,10320.44843285042,42561.22745642178
highest_gamma,val,1593,4,0.047658033668994904,0.975316074653823,0.975316047668457,0.975316074653823,0.975316074653823,0.4620095822324695,0.42169662808395464,0.04031295414851488,8.725566676283913,3335.9775816979018,20292.39904737937,58601.74114893343
highest_gamma,val,1497,4,0.04735703021287918,0.9747140276941602,0.9747140407562256,0.9747140276941602,0.9747140276941602,0.5294363195371224,0.5308365077766797,-0.0014001882395572318,-0.2644677344352563,-115.86837719984032,223.17922230950262,17628.93188820777
highest_gamma,val,1585,4,0.04705599695444107,0.9741119807344973,0.9741119742393494,0.9741119807344973,0.9741119807344973,0.4375304462810291,0.3981783145804722,0.0393521317005569,8.994147043947825,3256.467602484481,19983.640297371618,57009.03501590056
highest_gamma,val,1603,4,0.04675496369600296,0.9735099337748344,0.9735099077224731,0.9735099337748344,0.9735099337748344,0.41915295385710893,0.4281858417594367,-0.009032887902327758,-2.155033817418142,-747.4895396934298,-2399.069863174965,34173.39914066179
highest_gamma,val,1586,4,0.04645396023988724,0.9729078868151716,0.9729079008102417,0.9729078868151716,0.9729078868151716,0.4495157378582003,0.4086235240595908,0.04089221379860952,9.096948194394244,3383.912476262536,20965.020608465526,59282.60804970206
highest_gamma,val,1479,4,0.04615292698144913,0.9723058398555088,0.9723058342933655,0.9723058398555088,0.9723058398555088,0.4590545459651422,0.4666789057388739,-0.007624359773731659,-1.660883187138856,-630.9310199958418,-2381.7767873509756,22443.52348749886
highest_gamma,val,1592,4,0.04585189372301102,0.9717037928958459,0.9717037677764893,0.9717037928958459,0.9717037928958459,0.4536091763599346,0.42209666564928466,0.03151251071064992,6.947061998067924,2607.723286327702,16382.214905754838,47196.03146502628
highest_gamma,val,1587,4,0.045550890266895294,0.971101745936183,0.9711017608642578,0.971101745936183,0.971101745936183,0.4530944352300293,0.4199250877190876,0.033169347510941694,7.3206256647363395,2744.8298452254458,17252.17780352069,48024.18626739051
highest_gamma,val,1588,4,0.045249857008457184,0.9704996989765202,0.9704996943473816,0.9704996989765202,0.9704996989765202,0.45334245290366454,0.4137312490593781,0.03961120384428646,8.737589782420807,3277.9063405223933,21051.695688966145,65009.23700577101
highest_gamma,val,1591,4,0.044948823750019073,0.9698976520168573,0.9698976278305054,0.9698976520168573,0.9698976520168573,0.45658669455679723,0.4240292780482557,0.03255741650854155,7.130610001709448,2694.1913309148295,17208.155420650033,49464.79547395715
highest_gamma,val,1604,4,0.04464782029390335,0.9692956050571945,0.9692956209182739,0.9692956050571945,0.9692956050571945,0.40065965010173676,0.39644001705734944,0.0042196330443873276,1.0531714494623716,349.1830736891425,3297.0364582575367,30053.619777694847
highest_gamma,val,1569,4,0.04434678703546524,0.9686935580975317,0.9686935544013977,0.9686935580975317,0.9686935580975317,0.34243118408576945,0.32281315409324113,0.01961802999252832,5.729043061573081,1623.431217941703,11053.9759706112,42890.727398812654
highest_gamma,val,1589,4,0.04404575377702713,0.9680915111378687,0.9680914878845215,0.9680915111378687,0.9680915111378687,0.4594465348574359,0.416783286383746,0.04266324847368991,9.285791759628378,3530.4691376947885,23018.573882508743,67655.27316971119
highest_gamma,val,1590,4,0.04374475032091141,0.9674894641782059,0.96748948097229,0.9674894641782059,0.9674894641782059,0.4593653618039393,0.42434608814535674,0.03501927365858254,7.623403192844357,2897.914933795022,18928.40691674295,54107.19533932324
highest_gamma,val,1498,4,0.0434437170624733,0.9668874172185431,0.9668874144554138,0.9668874172185431,0.9668874172185431,0.531694347694325,0.5362526592899703,-0.004558311595645348,-0.8573180466206414,-377.2094011628433,-1419.0401898214946,17301.431330339306
highest_gamma,val,1605,4,0.04314268380403519,0.9662853702588802,0.9662853479385376,0.9662853702588802,0.9662853702588802,0.3785197669128819,0.37715773843793216,0.0013620284749497613,0.35983021073328475,112.71058035904207,1925.931629795252,29502.216123527523
highest_gamma,val,1478,4,0.042841680347919464,0.9656833232992174,0.9656833410263062,0.9656833232992174,0.9656833232992174,0.45838867878878187,0.46214032803755745,-0.0037516492487755793,-0.8184428242618703,-310.45647863467457,-815.7485731591019,23246.081214510323
highest_gamma,val,1568,4,0.042540647089481354,0.9650812763395545,0.9650812745094299,0.9650812763395545,0.9650812763395545,0.33648497743029593,0.31775076077000425,0.01873421666029168,5.567623494921862,1550.2938970724572,10949.539575640063,43226.35627402238
highest_gamma,val,1499,4,0.04223961383104324,0.9644792293798916,0.9644792079925537,0.9644792293798916,0.9644792293798916,0.5293891135752125,0.5345633638847382,-0.005174250309525785,-0.9774002103257566,-428.179561613877,-1835.8974649964182,16532.641422030225
highest_gamma,val,1606,4,0.04193861037492752,0.9638771824202288,0.9638772010803223,0.9638771824202288,0.9638771824202288,0.3456688224835091,0.3473001780820058,-0.0016313555984966976,-0.471941781377904,-134.99793848679838,310.25822677693736,26586.32754405307
highest_gamma,val,1567,4,0.04163757711648941,0.963275135460566,0.963275134563446,0.963275135460566,0.963275135460566,0.33517314975859014,0.3175659139029275,0.01760723585566265,5.253176117581118,1457.0339815277948,10364.363458025096,38812.34341791105
highest_gamma,val,1566,4,0.0413365438580513,0.962673088500903,0.9626730680465698,0.962673088500903,0.962673088500903,0.32847940769160083,0.312109254523792,0.01637015316780882,4.983616258580889,1354.6629149425135,9890.767706725683,41074.512462930084
highest_gamma,val,1477,4,0.04103554040193558,0.9620710415412402,0.9620710611343384,0.9620710415412402,0.9620710415412402,0.4692857173266904,0.4734011020435829,-0.0041153847168924895,-0.8769465093325203,-340.5563160922902,-1132.8729258318574,22953.066563373344
best_sse_gain,test,1285,2,0.0434437170624733,0.9749487254614708,0.9668874144554138,0.9749487254614708,0.9753882215060065,0.45079251924759445,0.4444294197116575,0.006363099535936945,1.4115361866602003,526.5592127978525,4542.6608141658235,34816.03295635767
best_sse_gain,test,1286,2,0.04314268380403519,0.9727512452387929,0.9662853479385376,0.9727512452387929,0.9724582478757691,0.4571032546097374,0.45085425521971556,0.0062489993900218255,1.3670870480581143,517.1171975230827,4431.691836188604,33264.96217357287
best_sse_gain,test,1288,2,0.042841680347919464,0.9714327571051861,0.9656833410263062,0.9714327571051861,0.9712862584236742,0.45510976334899994,0.44911957051245593,0.005990192836544006,1.3162083784940557,495.7004376096884,4426.101540913668,35793.92790279142
best_sse_gain,test,1289,2,0.04223961383104324,0.9696747729270436,0.9644792079925537,0.9696747729270436,0.9692352768825081,0.45480670874058504,0.4489952611332846,0.005811447607300457,1.277784055427208,480.90891239932535,4276.099241453968,33849.37848632491
best_sse_gain,test,1269,2,0.04856110364198685,0.9819806621740405,0.9771221876144409,0.9819806621740405,0.9827131555815998,0.4335393521863631,0.4278279755677588,0.005711376618604269,1.3173836676651103,472.62783794273855,3588.0712920897927,23782.630540973107
best_sse_gain,test,1251,2,0.03531608730554581,0.9384705537650161,0.9506321549415588,0.9384705537650161,0.9381775564019924,0.4712680132318057,0.4658172427499893,0.005450770481816414,1.1566179602211422,451.06215891127067,4023.5552384055122,23516.73860194952
best_sse_gain,test,1287,2,0.04314268380403519,0.9727512452387929,0.9662853479385376,0.9727512452387929,0.9727512452387929,0.45384599546805704,0.4484605464189766,0.0053854490490804485,1.1866247808414323,445.65667970950744,3931.381656265809,31266.56745098882
best_sse_gain,test,1250,2,0.031101742759346962,0.9321711104600059,0.9422034621238708,0.9321711104600059,0.9323176091415177,0.470252205912966,0.4648865894825934,0.005365616430372588,1.1410082425781654,444.0154908461918,4248.242512738422,21837.559422718692
best_sse_gain,test,1280,2,0.0434437170624733,0.9749487254614708,0.9668874144554138,0.9749487254614708,0.9745092294169353,0.42950130028449524,0.4246114304812729,0.004889869803222313,1.138499417809291,404.64650595625426,3565.8771327288905,28480.750328800452
best_sse_gain,test,1272,2,0.04916317015886307,0.9840316437152066,0.9783263206481934,0.9840316437152066,0.9841781423967184,0.429639628089688,0.42479598000543,0.004843648084257968,1.12737461062294,400.8215662685179,3124.2511651519803,22090.32599093627
best_sse_gain,test,1277,2,0.04675496369600296,0.9800761793143862,0.9735099077224731,0.9800761793143862,0.9803691766774099,0.4320753332607461,0.42725723437762814,0.0048180988831179605,1.1151062123257947,398.7073187757778,3265.6057158702542,24247.850535941252
best_sse_gain,test,1273,2,0.04946417361497879,0.984617638441254,0.9789283275604248,0.984617638441254,0.9844711397597422,0.43199787869121714,0.4271814873316823,0.004816391359534822,1.114910881999371,398.5660177842292,3129.2469096823806,22538.115503081674
best_sse_gain,test,1270,2,0.04886213690042496,0.9834456489891591,0.9777242541313171,0.9834456489891591,0.9835921476706709,0.4307587917972168,0.42605250548497453,0.0047062863122422915,1.0925572273537747,389.45460491067206,2910.897870942185,18793.248485773227
best_sse_gain,test,1271,2,0.04916317015886307,0.9840316437152066,0.9783263206481934,0.9840316437152066,0.9838851450336947,0.4334299633950546,0.4287339991036222,0.004695964291432375,1.083442467763168,388.60043704460986,2924.8645723100676,19298.788385841865
best_sse_gain,test,1276,2,0.04856110364198685,0.9819806621740405,0.9771221876144409,0.9819806621740405,0.9830061529446235,0.43225209031797746,0.4275775911005164,0.004674499217461048,1.0814289443973186,386.82415924333327,3173.9939594447314,24352.081117417933
best_sse_gain,test,1281,2,0.04314268380403519,0.9727512452387929,0.9662853479385376,0.9727512452387929,0.9721652505127454,0.43441234211680496,0.4297429179342379,0.00466942418256705,1.0748829464222573,386.4041899557924,3251.963310177054,23476.916533481886
best_sse_gain,test,1268,2,0.04856110364198685,0.9819806621740405,0.9771221876144409,0.9819806621740405,0.982420158218576,0.433089078622702,0.4285103855231596,0.004578693099542397,1.0572174006565649,378.89601137333375,2981.1671631045097,21221.767650592497
best_sse_gain,test,1252,2,0.03862733393907547,0.9563433929094638,0.9572546482086182,0.9563433929094638,0.957222384998535,0.4657161927014744,0.46117099606783823,0.004545196633636173,0.9759584710316608,376.12411182666256,3386.082552817564,24639.78949330544
best_sse_gain,test,1275,2,0.04946417361497879,0.984617638441254,0.9789283275604248,0.984617638441254,0.9847641371227659,0.43326615092904325,0.42879118320869075,0.004474967720352496,1.032844987026316,370.31252879460953,3124.284703784783,25324.68859069156
best_sse_gain,test,1274,2,0.0497652068734169,0.9850571344857896,0.979530394077301,0.9850571344857896,0.9850571344857896,0.4350111803364887,0.43060687867984193,0.004404301656646792,1.0124571173641992,364.4647706908363,2922.3090057501645,21930.73162313838
best_sse_gain,test,1253,2,0.039831437170505524,0.9622033401699385,0.9596628546714783,0.9622033401699385,0.9619103428069148,0.46378630289851236,0.4593934875179785,0.0043928153805338765,0.9471636728122889,363.5142583699417,3192.7533062538987,22875.76149654775
best_sse_gain,test,1278,2,0.045249857008457184,0.9775857017286844,0.9704996943473816,0.9775857017286844,0.9771462056841489,0.43000922940400477,0.4256351416911451,0.004374087712859687,1.0172078675897718,361.96450641456613,3186.9636646501563,26235.518094938656
best_sse_gain,test,1279,2,0.0434437170624733,0.9749487254614708,0.9668874144554138,0.9749487254614708,0.9742162320539115,0.4278462611411738,0.42362514111849575,0.004221120022678049,0.9865973846351392,349.3061241166506,3225.1270317384297,27967.675300445844
best_sse_gain,test,1267,2,0.04856110364198685,0.9819806621740405,0.9771221876144409,0.9819806621740405,0.9821271608555523,0.4353083140560542,0.43120336992168307,0.004104944134371125,0.9429969522343042,339.6923370074801,2763.0750637501765,20886.816889751768
best_sse_gain,test,1257,2,0.03772426396608353,0.9513624377380604,0.9554485082626343,0.9513624377380604,0.9516554351010841,0.45463061960019513,0.45056212219329306,0.004068497406902072,0.894901757932612,336.6762974159574,2961.14043247633,19350.277689421353
best_sse_gain,test,1254,2,0.039831437170505524,0.9622033401699385,0.9596628546714783,0.9622033401699385,0.9622033401699385,0.4581986427921684,0.4541537939810635,0.004044848811104895,0.8827718882920337,334.71932881655084,2965.0563584495635,21696.61676134118
best_sse_gain,test,1469,2,0.04645396023988724,0.9793436859068269,0.9729079008102417,0.9793436859068269,0.979197187225315,0.30617331439448087,0.30217144214649017,0.004001872247990701,1.3070610859425178,331.16293226572816,3030.2220695619712,26865.55936115656
best_sse_gain,test,1249,2,0.026285389438271523,0.9282156460591855,0.93257075548172,0.9282156460591855,0.9282156460591855,0.4670444162158132,0.46305768637695194,0.00398672983886128,0.8536082865872613,329.9098676254507,3734.3983512980553,22698.15540939418
best_sse_gain,test,1465,2,0.040132470428943634,0.9642543217111046,0.9602649211883545,0.9642543217111046,0.9642543217111046,0.30984101738008146,0.30587169805254233,0.003969319327539134,1.2810825890976134,328.4691129925159,3121.4450093783,26793.502103445888
best_sse_gain,test,1468,2,0.04585189372301102,0.9784646938177557,0.9717037677764893,0.9784646938177557,0.9783181951362437,0.3050923167056419,0.3012091913719526,0.0038831253336892857,1.272770607801241,321.33638761345355,3037.6657189943667,28038.782598643444
best_sse_gain,test,1261,2,0.0434437170624733,0.9749487254614708,0.9668874144554138,0.9749487254614708,0.9739232346908878,0.4403326771945302,0.436468762272315,0.0038639149222151614,0.8774990188857051,319.7466876431499,2845.598835630008,23147.04061964553
best_sse_gain,test,1255,2,0.039831437170505524,0.9622033401699385,0.9596628546714783,0.9622033401699385,0.9624963375329622,0.45574220581262115,0.4519089020946791,0.0038333037179420493,0.8411122931015338,317.21354926713684,2824.090419153344,20916.03233043402
best_sse_gain,test,1256,2,0.03922940045595169,0.9592733665397012,0.9584587812423706,0.9592733665397012,0.9592733665397012,0.4591213705598411,0.45530724704591746,0.0038141235139236285,0.830744059957998,315.6263490242054,2710.3624314010085,17816.93993040657
best_sse_gain,test,1282,2,0.0434437170624733,0.9749487254614708,0.9668874144554138,0.9749487254614708,0.974802226779959,0.4429598908923491,0.4392133994042256,0.0037464914881235045,0.8457857167555607,310.0296636251951,2939.2463278544096,26589.766453674427
best_sse_gain,test,1466,2,0.04223961383104324,0.9696747729270436,0.9644792079925537,0.9696747729270436,0.970407266334603,0.3081653862602158,0.30443514672488226,0.003730239535333524,1.210466749884654,308.6847820279181,2948.1341570343106,26542.56897657417
best_sse_gain,test,2568,4,0.009999999776482582,0.45282742455317904,0.523780882358551,0.023732786404922355,0.6580720773513038,0.8434915211541343,0.8397866752029401,0.0037048459511941356,0.4392274087266297,306.58341215322434,7953.0590607659715,28847.359206637673
best_sse_gain,test,1260,2,0.04223961383104324,0.9696747729270436,0.9644792079925537,0.9696747729270436,0.9689422795194843,0.4388121508156937,0.4351282829926045,0.0036838678230892152,0.8395090738124258,304.8474300962771,2644.748461971763,19897.766574406425
best_sse_gain,test,2569,4,0.009999999776482582,0.45282742455317904,0.523780882358551,0.023732786404922355,0.6583650747143276,0.8372073869787471,0.8335304865034764,0.0036769004752706946,0.43918633930591855,304.27086812960624,7895.058704537206,28828.683771648513
best_sse_gain,test,2552,3,0.009999999776482582,0.45282742455317904,0.5249849557876587,0.03325520070319367,0.6533841195429241,0.9727519087290388,0.9691065346804444,0.003645374048594441,0.3747485886054287,301.6619932692847,7880.714672549601,33916.46798316542
best_sse_gain,test,1846,3,0.009999999776482582,0.45282742455317904,0.7802528738975525,0.7267799589803692,0.4559038968649282,0.4212605296248649,0.4176374226862586,0.003623106938606291,0.8600632349374602,299.81934538354835,8013.7769766750325,51829.31861339564
best_sse_gain,test,1284,2,0.04404575377702713,0.9762672135950776,0.9680914878845215,0.9762672135950776,0.9762672135950776,0.44584777875882714,0.4422285581967803,0.003619220562046832,0.8117614877710494,299.49773995050055,3034.2999932609896,30295.223832793585
best_sse_gain,test,2567,4,0.009999999776482582,0.45282742455317904,0.523780882358551,0.023732786404922355,0.6577790799882801,0.8255051673647114,0.8219159510156697,0.003589216349041635,0.43479029459011315,297.0148313158861,7720.6827828518335,29531.184058533494
best_sse_gain,test,2571,4,0.009999999776482582,0.45282742455317904,0.523780882358551,0.023732786404922355,0.6589510694403751,0.8280406798612902,0.8244645783025333,0.0035761015587568723,0.4318751053820116,295.9295561902545,7702.253416213453,30401.435288874018
best_sse_gain,test,2574,4,0.009999999776482582,0.45282742455317904,0.523780882358551,0.023732786404922355,0.6598300615294462,0.7872934409589336,0.783746914732024,0.003546526226909652,0.450470693949887,293.4821383292292,7628.774996975685,29172.138126947655
best_sse_gain,test,2570,4,0.009999999776482582,0.45282742455317904,0.523780882358551,0.023732786404922355,0.6586580720773513,0.8231157975469076,0.8196146729901563,0.003501124556751223,0.4253501836783422,289.72505932027707,7537.299966926402,29417.332859816528
best_sse_gain,test,1307,2,0.023877182975411415,0.9246996777029006,0.9277543425559998,0.9246996777029006,0.9246996777029006,0.3430925459452889,0.3396150401814368,0.0034775057638520845,1.0135766005265017,287.77055697028845,3976.154638747014,40336.66241580611
best_sse_gain,test,1467,2,0.0434437170624733,0.9749487254614708,0.9668874144554138,0.9749487254614708,0.9759742162320539,0.30460820492799967,0.3011561509484827,0.003452053979516978,1.133276754752204,285.66437091298576,2737.57117441054,25174.986017208437
best_sse_gain,test,608,1,0.009999999776482582,0.45282742455317904,0.7712221741676331,0.6816583650747143,0.17726340462935833,0.6846579931260818,0.6813391217332628,0.003318871392818945,0.4847487981065263,274.6432454985479,7067.275212232889,20119.3925797307
best_sse_gain,test,1229,2,0.009999999776482582,0.45282742455317904,0.7904876470565796,0.7516847348373865,0.3091122179900381,0.5697388200135955,0.5664338021119344,0.003305017901661156,0.5800935069831277,273.4968413982642,7442.352804423477,60493.163015972066
best_sse_gain,test,1291,2,0.04223961383104324,0.9696747729270436,0.9644792079925537,0.9696747729270436,0.9698212716085555,0.43631447678090896,0.43301130992762465,0.0033031668532843006,0.7570610257204354,273.3436634429818,2701.0181865350764,25644.22965628934
best_sse_gain,test,2553,3,0.009999999776482582,0.45282742455317904,0.5243828892707825,0.029739232346908877,0.6536771169059479,0.979553851159395,0.9762511909651356,0.003302660194259399,0.3371596355167597,273.30173639535496,7184.300129123236,35175.657438276896
best_sse_gain,test,2572,4,0.009999999776482582,0.45282742455317904,0.523780882358551,0.023732786404922355,0.6592440668033988,0.7930912163428145,0.7898031923615004,0.0032880239813141143,0.4145833308400761,272.0905605017033,7063.284215361047,26102.005661015286
best_sse_gain,test,1217,2,0.009999999776482582,0.45282742455317904,0.7652016878128052,0.6497216525051275,0.3055962496337533,0.5058203130365002,0.5025376144762432,0.0032826985602569803,0.6489851189547027,271.64987125838525,7308.411730893835,51716.480919752714
best_sse_gain,test,1464,2,0.03682119399309158,0.9468209786111925,0.9536423683166504,0.9468209786111925,0.9469674772927044,0.30962033186299986,0.30638389105945607,0.003236440803543794,1.0452933707776813,267.8219493748584,2754.332180381287,25418.42740650526
best_sse_gain,test,2566,4,0.009999999776482582,0.45282742455317904,0.523780882358551,0.023732786404922355,0.6574860826252563,0.818939730017849,0.8157379519413697,0.003201778076479367,0.3909662651743106,264.95353938482003,6927.991926142812,30415.330026645275
best_sse_gain,test,2554,3,0.009999999776482582,0.45282742455317904,0.5243828892707825,0.029739232346908877,0.6539701142689716,0.9928917341603635,0.9897173573546899,0.003174376805673562,0.319710266130674,262.686029423101,6923.609503594285,35645.86291968839
best_sse_gain,test,600,1,0.009999999776482582,0.45282742455317904,0.7712221741676331,0.6816583650747143,0.17491942572516847,0.70156847484201,0.6984108584614935,0.0031576163805164814,0.4500795708113256,261.29907072050264,6742.0846601108215,20960.775077105838
best_sse_gain,test,2551,3,0.009999999776482582,0.45282742455317904,0.5249849557876587,0.03325520070319367,0.6530911221799004,0.9755525375231965,0.9723988716054088,0.0031536659177876514,0.323269716031328,260.97216202876007,6827.302658586448,30299.846881053185
best_sse_gain,test,2575,4,0.009999999776482582,0.45282742455317904,0.523780882358551,0.023732786404922355,0.6601230588924699,0.8031317163549381,0.8000032867394071,0.0031284296155309477,0.38952883466357363,258.88380754442187,6755.221118142962,28312.579119812475
best_sse_gain,test,1471,2,0.04615292698144913,0.9789041898622912,0.9723058342933655,0.9789041898622912,0.9789041898622912,0.3026523991927503,0.29952768153027254,0.0031247176624777384,1.03244437209556,258.5766360053567,2638.597631038602,26822.70383355677
best_sse_gain,test,609,1,0.009999999776482582,0.45282742455317904,0.7724262475967407,0.6866393202461177,0.17755640199238207,0.6742329517893987,0.6711146539463066,0.0031182978430920327,0.46249561591674543,258.0453831115519,6639.97879500892,18884.407724699176
best_sse_gain,test,1470,2,0.04645396023988724,0.9793436859068269,0.9729079008102417,0.9793436859068269,0.9794901845883387,0.30503892464902194,0.30193351247826417,0.003105412170757771,1.0180380009963845,256.97906795454765,2588.0117463572547,25940.405488008106
best_sse_gain,test,2573,4,0.009999999776482582,0.45282742455317904,0.523780882358551,0.023732786404922355,0.6595370641664225,0.7650727314639495,0.7619950490941514,0.003077682369798107,0.40227317524557843,254.68437146553333,6607.012497732931,23990.30741408714
best_sse_gain,test,605,1,0.009999999776482582,0.45282742455317904,0.7748344540596008,0.7012891883973045,0.17638441254028714,0.6915525542717482,0.688486041429225,0.003066512842523239,0.4434244112875102,253.7600707444799,6547.144226721347,20314.23208503886
highest_gamma,test,1113,2,0.06000000238418579,0.9931145619689423,1.0,0.9931145619689423,0.9915030764723117,0.3280871852363222,0.3274927117266684,0.0005944735096538034,0.1811937608064766,49.19387187086977,1580.4530023647362,22924.64149540769
highest_gamma,test,1100,2,0.06000000238418579,0.9931145619689423,1.0,0.9931145619689423,0.9876941107530032,0.32901343405771144,0.32890333073029693,0.00011010332741451245,0.033464690501117805,9.111270550209156,1145.647559670333,18461.39816451537
highest_gamma,test,1107,2,0.06000000238418579,0.9931145619689423,1.0,0.9931145619689423,0.9897450922941694,0.32761202138755097,0.3275625421533228,4.947923422815581e-05,0.01510299714234967,4.094505590848712,1133.7162418841529,18610.929303804765
highest_gamma,test,1098,2,0.06000000238418579,0.9931145619689423,1.0,0.9931145619689423,0.9871081160269558,0.3451404159398138,0.3452978708854996,-0.00015745494568580876,-0.04562054700463304,-13.029711665392824,1121.9558033336984,19604.10366181728
highest_gamma,test,1112,2,0.06000000238418579,0.9931145619689423,1.0,0.9931145619689423,0.991210079109288,0.33075844276054983,0.33093521403653525,-0.0001767712759854212,-0.05344422186477443,-14.62817663034366,1199.1951928595279,21002.431272060418
highest_gamma,test,1111,2,0.06000000238418579,0.9931145619689423,1.0,0.9931145619689423,0.9909170817462642,0.3278499752071202,0.3280974454297195,-0.00024747022259929974,-0.07548276385958537,-20.4786558605374,1126.161428118614,20191.485155666374
highest_gamma,test,1105,2,0.06000000238418579,0.9931145619689423,1.0,0.9931145619689423,0.9891590975681219,0.3288594020197307,0.3291691065262191,-0.0003097045064884285,-0.094175354144154,-25.6286673209288,1102.6317625635445,20156.96373499177
highest_gamma,test,1104,2,0.06000000238418579,0.9931145619689423,1.0,0.9931145619689423,0.9888661002050981,0.3302357415195376,0.330676435301819,-0.00044069378228139833,-0.13344823920439447,-36.46829187135154,1069.0491357540438,20350.004955474706
highest_gamma,test,1110,2,0.06000000238418579,0.9931145619689423,1.0,0.9931145619689423,0.9906240843832406,0.3259887613324537,0.3264761985912415,-0.000487437258787804,-0.14952578634779987,-40.336408039209346,951.1457926521857,18653.568472170457
highest_gamma,test,1106,2,0.06000000238418579,0.9931145619689423,1.0,0.9931145619689423,0.9894520949311456,0.32983957881786885,0.3307147531123024,-0.0008751742944335672,-0.2653333167505716,-72.42242321296726,922.134983032033,20398.250318810624
highest_gamma,test,1099,2,0.06000000238418579,0.9931145619689423,1.0,0.9931145619689423,0.9874011133899795,0.34028999697065465,0.34117233004350517,-0.0008823330728505163,-0.2592885717197868,-73.01482644452699,832.5921490144502,18947.00892118607
highest_gamma,test,1108,2,0.06000000238418579,0.9931145619689423,1.0,0.9931145619689423,0.9900380896571931,0.324720601096833,0.3256310399894695,-0.0009104388926365337,-0.28037608010125514,-75.34063924345901,815.85881775419,18829.634842798332
highest_gamma,test,1109,2,0.06000000238418579,0.9931145619689423,1.0,0.9931145619689423,0.9903310870202168,0.3256096832916735,0.32653036738879787,-0.000920684097124369,-0.2827569769476548,-76.18845040523593,766.0115855632966,18057.723443073573
highest_gamma,test,1102,2,0.06000000238418579,0.9931145619689423,1.0,0.9931145619689423,0.9882801054790507,0.32986449889636266,0.33086257596012936,-0.0009980770637667002,-0.30257183392150294,-82.59287318081988,1042.768591551259,23115.09157254276
highest_gamma,test,1103,2,0.06000000238418579,0.9931145619689423,1.0,0.9931145619689423,0.9885731028420744,0.3312142060243281,0.33276146868952505,-0.0015472626651969468,-0.46714864189227995,-128.03908007037535,918.5995091171043,24201.593286277883
highest_gamma,test,1114,2,0.06000000238418579,0.9931145619689423,1.0,0.9931145619689423,0.9917960738353355,0.32165582930524883,0.32323627659674864,-0.0015804472914998091,-0.4913473183164286,-130.7851742661951,805.2527452037486,22503.181600120486
highest_gamma,test,1101,2,0.06000000238418579,0.9931145619689423,1.0,0.9931145619689423,0.987987108116027,0.32882246005424326,0.33114869239302747,-0.0023262323387842065,-0.7074432623612348,-192.50037849907312,628.9950881590635,23851.331830564613
highest_gamma,test,1116,2,0.06000000238418579,0.9931145619689423,1.0,0.9931145619689423,0.992382068561383,0.33452443804919285,0.33685442209408467,-0.0023299840448918197,-0.6965063773753917,-192.81083968288658,430.160747638766,20558.98608962708
highest_gamma,test,1097,2,0.06000000238418579,0.9931145619689423,1.0,0.9931145619689423,0.986815118663932,0.324237993049535,0.32660470880528164,-0.002366715755746651,-0.7299316571408334,-195.8504622195469,410.01533931800606,20434.3141792265
highest_gamma,test,1128,2,0.06000000238418579,0.9931145619689423,1.0,0.9931145619689423,0.9958980369176678,0.38265200743711253,0.38559188057433075,-0.0029398731372182185,-0.7682889623155514,-243.28038185108016,235.70119113318773,20822.82264868304
highest_gamma,test,1124,2,0.06000000238418579,0.9931145619689423,1.0,0.9931145619689423,0.9947260474655728,0.363533455636465,0.366699688929178,-0.0031662332927129833,-0.8709606347425779,-262.01213743858534,299.4453088542921,23186.04082534915
highest_gamma,test,1115,2,0.06000000238418579,0.9931145619689423,1.0,0.9931145619689423,0.9920890711983592,0.3287973587317779,0.33198507228039903,-0.0031877135486211294,-0.969507042549439,-263.78967157549414,220.13732621588676,21987.681028041396
highest_gamma,test,1140,2,0.06000000238418579,0.9931145619689423,1.0,0.9931145619689423,0.9994140052739525,0.42576679500130826,0.42906740826508166,-0.0033006132637734,-0.7752162222428026,-273.1323488037742,308.00279341670307,24100.9024013773
highest_gamma,test,1138,2,0.06000000238418579,0.9931145619689423,1.0,0.9931145619689423,0.998828010547905,0.3900166074905519,0.393426547378994,-0.003409939888442126,-0.8743063302822898,-282.17934564836105,187.6648887196971,22723.534355956894
highest_gamma,test,1132,2,0.06000000238418579,0.9931145619689423,1.0,0.9931145619689423,0.9970700263697627,0.3780552955702772,0.3814904622382005,-0.0034351666679233173,-0.9086413305602672,-284.26691210399076,-16.414773520739246,19467.176668337157
highest_gamma,test,1096,2,0.06000000238418579,0.9931145619689423,1.0,0.9931145619689423,0.9865221213009083,0.31652841456324615,0.3200338087348636,-0.0035053941716174375,-1.107450077255866,-290.07837848968484,10.816943757051206,20324.61262742105
highest_gamma,test,1126,2,0.06000000238418579,0.9931145619689423,1.0,0.9931145619689423,0.9953120421916203,0.3805547458205239,0.38413110707852743,-0.0035763612580035353,-0.9397757608547098,-295.95104682230885,80.1352400860208,21887.741677683985
highest_gamma,test,1125,2,0.06000000238418579,0.9931145619689423,1.0,0.9931145619689423,0.9950190448285965,0.3740651197612237,0.37765138293706396,-0.003586263175840265,-0.9587269666119841,-296.7704503271343,40.88768152831158,21290.518744360965
highest_gamma,test,1131,2,0.06000000238418579,0.9931145619689423,1.0,0.9931145619689423,0.9967770290067389,0.3811780265063608,0.3849583041398422,-0.0037802776334814325,-0.9917354544618144,-312.8255347258528,-60.62244059074858,20713.6197709082
highest_gamma,test,1134,2,0.06000000238418579,0.9931145619689423,1.0,0.9931145619689423,0.9976560210958101,0.3795210517033839,0.3833316482646473,-0.0038105965612633685,-1.0040540687164712,-315.3344866376683,-43.429726017744734,21174.397760212116
highest_gamma,test,1133,2,0.06000000238418579,0.9931145619689423,1.0,0.9931145619689423,0.9973630237327864,0.3790180464851342,0.3828597560536475,-0.0038417095685133185,-1.013595422207422,-317.90915021361434,-84.6307261507112,20666.51051940265
highest_gamma,test,1129,2,0.06000000238418579,0.9931145619689423,1.0,0.9931145619689423,0.9961910342806914,0.38392045449835666,0.3877632533998841,-0.0038427989015274444,-1.0009362242885897,-317.99929469920244,-69.63688190346959,20922.667946816946
highest_gamma,test,1123,2,0.06000000238418579,0.9931145619689423,1.0,0.9931145619689423,0.9944330501025491,0.3558055083934172,0.3596533901439769,-0.003847881750559723,-1.0814564867008993,-318.4199106223168,141.2457444276617,24466.587682791087
highest_gamma,test,1118,2,0.06000000238418579,0.9931145619689423,1.0,0.9931145619689423,0.9929680632874304,0.36345058893198817,0.3677027873767166,-0.004252198444728406,-1.1699522780314193,-351.87792569816884,-64.77697125421707,23356.348975706613
highest_gamma,test,1135,2,0.06000000238418579,0.9931145619689423,1.0,0.9931145619689423,0.9979490184588339,0.3775340070813053,0.381989548746003,-0.004455541664697693,-1.180169622107222,-368.7049838370622,-229.53218079271153,21778.974537066897
highest_gamma,test,1137,2,0.06000000238418579,0.9931145619689423,1.0,0.9931145619689423,0.9985350131848814,0.3801253756752526,0.38470898867588066,-0.0045836130006280396,-1.2058161054062058,-379.3031430279734,-362.3165647159638,20301.884778274747
highest_gamma,test,1130,2,0.06000000238418579,0.9931145619689423,1.0,0.9931145619689423,0.9964840316437152,0.38065653238066716,0.3852796379679954,-0.004623105587328258,-1.2145084069396774,-382.57123356259035,-323.07515776676905,21182.85891497384
highest_gamma,test,1127,2,0.06000000238418579,0.9931145619689423,1.0,0.9931145619689423,0.995605039554644,0.38171282144917545,0.3863653537678434,-0.004652532318667968,-1.2188567051545702,-385.00635443441206,-246.55667030194914,22627.272591370653
highest_gamma,test,1136,2,0.06000000238418579,0.9931145619689423,1.0,0.9931145619689423,0.9982420158218576,0.37876987522602745,0.3835921436114763,-0.004822268385448858,-1.2731393653128338,-399.05235343266395,-435.27478804508075,20457.387273549823
highest_gamma,test,1139,2,0.06000000238418579,0.9931145619689423,1.0,0.9931145619689423,0.9991210079109288,0.406403796156163,0.4112766251427101,-0.004872828986547062,-1.1990116806572961,-403.23634429473896,-267.34766313398427,23546.727475407242
highest_gamma,test,1142,2,0.06000000238418579,0.9931145619689423,1.0,0.9931145619689423,1.0,0.40847400028936,0.4134123944719081,-0.0049383941825481,-1.2089861726939237,-408.66199539422087,-204.69406959172613,24967.73528936045
highest_gamma,test,1120,2,0.06000000238418579,0.9931145619689423,1.0,0.9931145619689423,0.9935540580134778,0.3702331445797567,0.3754034362743561,-0.0051702916945993715,-1.396496172828625,-427.8519783114898,-434.7029487696954,22466.89171873592
highest_gamma,test,1117,2,0.06000000238418579,0.9931145619689423,1.0,0.9931145619689423,0.9926750659244067,0.3449731817049299,0.35020514832145716,-0.0052319666165272505,-1.5166299567606307,-432.95570145086094,-485.4708564742206,21975.18514712753
highest_gamma,test,1119,2,0.06000000238418579,0.9931145619689423,1.0,0.9931145619689423,0.9932610606504542,0.36033285786296904,0.3658141032202894,-0.0054812453573203634,-1.521161680849218,-453.5840158089741,-510.80753745284534,22985.42886417454
highest_gamma,test,1121,2,0.06000000238418579,0.9931145619689423,1.0,0.9931145619689423,0.9938470553765016,0.3704182485606904,0.3759086593997312,-0.005490410839040838,-1.482219318398746,-454.3424777523069,-331.87548240403544,26020.300627253993
highest_gamma,test,1095,2,0.06000000238418579,0.9931145619689423,1.0,0.9931145619689423,0.9862291239378845,0.3156256489801445,0.32133427029632267,-0.005708621316178164,-1.808668381237066,-472.3998311563737,-349.6986299253243,26977.230955994277
highest_gamma,test,1122,2,0.06000000238418579,0.9931145619689423,1.0,0.9931145619689423,0.9941400527395253,0.3618698712699029,0.36767289706592904,-0.005803025796026151,-1.6036222567139138,-480.21199067275666,-323.7483020631185,27952.247437589842
highest_gamma,test,1141,2,0.06000000238418579,0.9931145619689423,1.0,0.9931145619689423,0.9997070026369763,0.4254563174597004,0.43178801014356566,-0.006331692683865242,-1.4882121675076514,-523.9602329752161,-448.201333727054,28916.102466283628
highest_gamma,test,1094,2,0.059096939861774445,0.9859361265748608,0.9981938600540161,0.9859361265748608,0.9859361265748608,0.31904850423250714,0.3245045576779598,-0.005456053445452691,-1.7101015591900668,-451.4993347181007,-327.77755584439274,26773.2476229572
highest_gamma,test,1143,2,0.05729079991579056,0.985643129211837,0.9945815801620483,0.985643129211837,0.985643129211837,0.3972623884997723,0.4032538032672396,-0.005991414767467285,-1.5081756896476795,-495.8015548374533,-765.575281992131,24401.040749887652
highest_gamma,test,1144,2,0.05307648330926895,0.9853501318488134,0.9861529469490051,0.9853501318488134,0.9853501318488134,0.38998040904875886,0.39667746193702424,-0.006697052888265387,-1.7172793127226196,-554.1945206097371,-1287.2469905797582,24928.387585377626
highest_gamma,test,1274,2,0.0497652068734169,0.9850571344857896,0.979530394077301,0.9850571344857896,0.9850571344857896,0.4350111803364887,0.43060687867984193,0.004404301656646792,1.0124571173641992,364.4647706908363,2922.3090057501645,21930.73162313838
highest_gamma,test,1273,2,0.04946417361497879,0.984617638441254,0.9789283275604248,0.984617638441254,0.9844711397597422,0.43199787869121714,0.4271814873316823,0.004816391359534822,1.114910881999371,398.5660177842292,3129.2469096823806,22538.115503081674
highest_gamma,test,1275,2,0.04946417361497879,0.984617638441254,0.9789283275604248,0.984617638441254,0.9847641371227659,0.43326615092904325,0.42879118320869075,0.004474967720352496,1.032844987026316,370.31252879460953,3124.284703784783,25324.68859069156
highest_gamma,test,1272,2,0.04916317015886307,0.9840316437152066,0.9783263206481934,0.9840316437152066,0.9841781423967184,0.429639628089688,0.42479598000543,0.004843648084257968,1.12737461062294,400.8215662685179,3124.2511651519803,22090.32599093627
highest_gamma,test,1271,2,0.04916317015886307,0.9840316437152066,0.9783263206481934,0.9840316437152066,0.9838851450336947,0.4334299633950546,0.4287339991036222,0.004695964291432375,1.083442467763168,388.60043704460986,2924.8645723100676,19298.788385841865
highest_gamma,test,1270,2,0.04886213690042496,0.9834456489891591,0.9777242541313171,0.9834456489891591,0.9835921476706709,0.4307587917972168,0.42605250548497453,0.0047062863122422915,1.0925572273537747,389.45460491067206,2910.897870942185,18793.248485773227
highest_gamma,test,1145,2,0.04886213690042496,0.9834456489891591,0.9777242541313171,0.9834456489891591,0.9832991503076473,0.38566196957780047,0.39019433898516515,-0.004532369407364678,-1.17521813528216,-375.0626331982421,-467.5247852512622,29705.19289926743
highest_gamma,test,1269,2,0.04856110364198685,0.9819806621740405,0.9771221876144409,0.9819806621740405,0.9827131555815998,0.4335393521863631,0.4278279755677588,0.005711376618604269,1.3173836676651103,472.62783794273855,3588.0712920897927,23782.630540973107
highest_gamma,test,1276,2,0.04856110364198685,0.9819806621740405,0.9771221876144409,0.9819806621740405,0.9830061529446235,0.43225209031797746,0.4275775911005164,0.004674499217461048,1.0814289443973186,386.82415924333327,3173.9939594447314,24352.081117417933
highest_gamma,test,1268,2,0.04856110364198685,0.9819806621740405,0.9771221876144409,0.9819806621740405,0.982420158218576,0.433089078622702,0.4285103855231596,0.004578693099542397,1.0572174006565649,378.89601137333375,2981.1671631045097,21221.767650592497
highest_gamma,test,1267,2,0.04856110364198685,0.9819806621740405,0.9771221876144409,0.9819806621740405,0.9821271608555523,0.4353083140560542,0.43120336992168307,0.004104944134371125,0.9429969522343042,339.6923370074801,2763.0750637501765,20886.816889751768
highest_gamma,test,1266,2,0.04856110364198685,0.9819806621740405,0.9771221876144409,0.9819806621740405,0.9818341634925286,0.4371471022659915,0.4344483751649723,0.002698727101019205,0.617349877656768,223.3250650635382,2121.163674466672,20004.73544395548
highest_gamma,test,1265,2,0.04856110364198685,0.9819806621740405,0.9771221876144409,0.9819806621740405,0.9815411661295048,0.43441986156687357,0.43291063250530654,0.00150922906156703,0.3474125368309623,124.89172330279689,1520.6563858944337,18074.026287483095
